document_name,page_number,embedding,context
data/ThePragmaticProgrammer.pdf,1,"-0.08708228170871735,1.199819803237915,-3.6398067474365234,-0.6816043257713318,1.3957760334014893,0.6862722039222717,-0.6596766710281372,-0.02986898086965084,0.0016392450779676437,-0.3566836714744568,-0.8894197940826416,0.2598649561405182,2.0985159873962402,-0.13772998750209808,0.5069750547409058,-1.4578545093536377,0.34853672981262207,-1.0544739961624146,-0.3838099241256714,-0.0871884822845459,-0.2883458733558655,-1.2779216766357422,-0.7282779216766357,0.44313836097717285,0.09014254808425903,0.19136840105056763,-0.5477592945098877,-1.256556749343872,-0.10231906175613403,-0.586500346660614,0.8417110443115234,-0.9792046546936035,0.005760412663221359,-0.28953394293785095,-0.4371749758720398,-1.9663152694702148,-1.049887776374817,0.3535303473472595,0.7609602212905884,-0.10138078033924103,0.8188733458518982,0.30187666416168213,-0.9086837768554688,-1.1827638149261475,1.0916101932525635,-0.016819588840007782,0.42685437202453613,-1.0104753971099854,0.28380537033081055,-0.9803696870803833,1.398582935333252,-0.3334487974643707,-0.4523020386695862,-1.402756690979004,0.11673541367053986,-0.2998877167701721,-1.2495527267456055,-0.6486236453056335,0.6485830545425415,-0.536636233329773,-0.3548060655593872,1.054553747177124,-0.06210103631019592,1.0398026704788208,1.3680715560913086,-0.2488965392112732,-0.6520699858665466,1.2296290397644043,1.1311062574386597,-0.1884114146232605,0.03857317939400673,-1.4041574001312256,-0.3461538553237915,-0.746129035949707,-0.21389541029930115,0.6761828660964966,-0.9431341886520386,-0.14121371507644653,-0.16394683718681335,0.030705368146300316,0.7932080030441284,-0.6774683594703674,1.2631654739379883,0.06451465934515,0.6276477575302124,0.31370145082473755,-0.32645469903945923,0.16387544572353363,-0.5928211212158203,1.2194411754608154,-0.5198076963424683,0.41453173756599426,0.4665897488594055,1.0157458782196045,-0.22420844435691833,-0.43455904722213745,0.061889391392469406,-0.12306097149848938,0.1915339231491089,0.6012550592422485,-0.1735260784626007,-1.1342926025390625,0.2692192792892456,0.5002917647361755,0.8147619962692261,0.8884592056274414,1.4882822036743164,-0.32758820056915283,-0.3640478253364563,0.1020810529589653,-0.2043403685092926,-0.3180365562438965,-0.8194275498390198,-0.5734710097312927,0.3050042390823364,-0.14238347113132477,0.008457142859697342,-0.49738895893096924,-0.078656867146492,0.5107213258743286,-1.1405854225158691,0.38548097014427185,0.014532200992107391,0.5797911882400513,0.6375284194946289,1.2873389720916748,-0.9935675859451294,-0.09338413178920746,-0.05195051431655884,0.08167703449726105,-0.08058717101812363,0.5579555034637451,-0.7623679637908936,-0.5544615387916565,1.021960973739624,1.9111988544464111,-1.0520424842834473,-0.9140982627868652,0.48145201802253723,0.5212029218673706,0.4204792082309723,-0.6496286392211914,-0.12923632562160492,0.7234423756599426,0.12163697183132172,-0.7485611438751221,-0.3992176055908203,-0.5694754123687744,-1.3796478509902954,0.1992706060409546,-0.712959885597229,0.5063085556030273,0.37210649251937866,1.5369261503219604,-0.26325467228889465,-0.36806410551071167,0.044409267604351044,-0.1082545667886734,0.37375906109809875,0.24856166541576385,0.6651968955993652,0.5890610218048096,-0.5587695837020874,1.4210433959960938,-0.45732784271240234,-0.15129458904266357,0.7045639157295227,-0.05930992215871811,0.8345996141433716,0.21832703053951263,-0.7180794477462769,-0.6557199954986572,-0.23144647479057312,1.1668546199798584,0.42808252573013306,-0.9185559153556824,1.8238091468811035,-1.18363618850708,0.3325856328010559,-0.7121443152427673,-0.3475211262702942,-0.4720641076564789,-0.0508410669863224,0.48673954606056213,-0.8753074407577515,0.2626396119594574,0.4645879864692688,-1.291358232498169,-0.7343549728393555,-0.5020009279251099,0.45310163497924805,0.8939245939254761,-1.130357027053833,-1.0492714643478394,-0.6967802047729492,-0.7015341520309448,1.7137575149536133,0.19436675310134888,0.5874782800674438,-0.04976886138319969,-0.5946364998817444,0.5207672715187073,-0.7194118499755859,0.03577285259962082,-0.4194495677947998,0.32543429732322693,-0.44986987113952637,0.30072343349456787,0.6796451807022095,-0.2827913165092468,1.5726759433746338,0.18154381215572357,-0.6985139846801758,-0.4160960018634796,-0.1581134796142578,-0.16044676303863525,-0.10589220374822617,0.2157164216041565,0.11594781279563904,-0.3401903510093689,0.4005110263824463,0.786860466003418,-0.4263377785682678,0.7521527409553528,0.8828326463699341,0.3733408451080322,-0.1793806552886963,-0.3294505178928375,-0.5347644090652466,-0.6549869775772095,-0.5396699905395508,-1.241646647453308,1.3380402326583862,-0.34979599714279175,-0.6048287153244019,0.7426631450653076,0.5515415668487549,0.6468978524208069,1.0671427249908447,0.5354417562484741,0.1704835295677185,0.12674587965011597,-0.76435387134552,-0.21689409017562866,-1.078999638557434,-1.2092939615249634,-0.4555424153804779,-0.5797286033630371,-0.570188581943512,0.4949083626270294,-0.5386098623275757,-0.02642228826880455,0.17723044753074646,0.581666111946106,0.29901862144470215,-0.09279116988182068,-0.41959095001220703,0.7831752896308899,-0.6311665773391724,0.8714168071746826,0.40508654713630676,0.08602511882781982,0.5001188516616821,-0.9611809253692627,-0.9690312147140503,-1.0721025466918945,-1.2176730632781982,-0.8316248655319214,0.8540033102035522,-0.819908618927002,-0.28822922706604004,-0.12648509442806244,0.6686817407608032,0.7568626999855042,-0.899072527885437,-0.3631230592727661,-0.17798730731010437,0.09569527953863144,-0.337920218706131,0.7560657858848572,-0.8223167061805725,-0.025156330317258835,-1.0540205240249634,-0.0719291940331459,-0.20066586136817932,-0.2450658679008484,0.6300524473190308,0.26133817434310913,1.3139839172363281,-0.8125594258308411,-0.45361995697021484,-0.3554377853870392,-0.4018777012825012,-0.11381958425045013,0.05019397661089897,0.4375230073928833,1.092305064201355,-0.9938240051269531,-0.40065205097198486,-1.3030385971069336,0.6947249174118042,0.7401994466781616,1.43501877784729,0.8070698380470276,0.22317448258399963,-0.20069408416748047,0.16338589787483215,-0.361661434173584,-0.1727476418018341,0.03351950645446777,-0.8161278963088989,0.08014380931854248,-0.12099248915910721,-0.3537229001522064,-1.6438546180725098,0.7140602469444275,0.9769225120544434,0.38149046897888184,0.9688037633895874,-0.24386833608150482,-0.5180769562721252,-0.19981509447097778,0.17306217551231384,-1.6737388372421265,0.8575607538223267,0.964899480342865,-0.6381657123565674,-0.20019058883190155,-0.5906075835227966,-0.6996866464614868,-0.12561215460300446,0.6377232670783997,0.4867362976074219,-1.0378658771514893,-0.9905363321304321,0.6166743636131287,1.0499682426452637,1.1266041994094849,-0.871063232421875,0.7090076208114624,1.774533987045288,-1.3370155096054077,0.13176128268241882,-0.1448994278907776,0.02510973811149597,-0.2157292366027832,-0.7788902521133423,0.446841299533844,-0.1074817031621933,0.5801988840103149,0.39523619413375854,0.6055629253387451,-0.8292689919471741,0.9999610185623169,0.5099377632141113,-0.06322771310806274,0.3101276755332947,0.7723711729049683,0.20506393909454346,0.20314830541610718,0.3886464238166809,0.5161198973655701,0.025383591651916504,-0.2459409534931183,0.19659405946731567,-0.07587464898824692,0.39948582649230957,-0.114608533680439,-0.32321852445602417,-0.13929150998592377,-1.0561116933822632,0.17664891481399536,-0.5822052955627441,0.5816776156425476,0.04946310073137283,-0.14433029294013977,-0.6804932355880737,-0.08687042444944382,-0.36568671464920044,-0.05467389523983002,0.3680240511894226,-0.8718447685241699,-0.018101520836353302,-0.0770156979560852,0.10553418099880219,-0.42698752880096436,0.0761025920510292,-0.01095569971948862,-0.07415735721588135,-0.19302338361740112,-0.11408976465463638,0.042769283056259155,-1.034711480140686,-0.6747428178787231,0.15544776618480682,0.10088139772415161,-0.02491280622780323,-0.4179435074329376,-0.7309325933456421,0.11317790299654007,-0.5071234107017517,-0.9584947824478149,0.40157216787338257,0.6469336748123169,-0.2927704453468323,0.5682845115661621,0.10017002373933792,-0.628982424736023,-0.24441103637218475,-0.5954986214637756,1.0379955768585205,0.943027913570404,-0.8220414519309998,-0.8115602731704712,-0.8798538446426392,0.4365013837814331,0.27413415908813477,0.559226393699646,-0.42020702362060547,1.218132495880127,0.11919219046831131,0.7132638692855835,-0.23690387606620789,-0.31132984161376953,0.5621188879013062,0.1123918890953064,0.4044197201728821,-0.11585767567157745,0.6618702411651611,-1.974846601486206,0.9910482168197632,0.045606955885887146,0.08519361913204193,0.05523887276649475,1.0623393058776855,0.2154068797826767,0.4474201202392578,0.44607940316200256,0.19064795970916748,2.046461820602417,0.8132357597351074,0.025223346427083015,-0.00279996357858181,0.035985205322504044,0.9708144664764404,1.4124566316604614,0.8205296993255615,0.4930152893066406,-0.21348340809345245,0.9190475940704346,-0.04155966266989708,-0.10872197151184082,0.9876662492752075,0.21787601709365845,0.7954681515693665,-0.5138207674026489,0.15398883819580078,-0.37962931394577026,-0.2978534698486328,0.3407626152038574,0.8447689414024353,-0.08013748377561569,-0.5367505550384521,0.6103565692901611,0.2156335413455963,-0.19294612109661102,0.2529551088809967,-0.1424427330493927,-0.5592902898788452,0.8682575225830078,-0.44300734996795654,1.1044915914535522,0.06107253581285477,-0.05094582587480545,-0.487829327583313,-0.20076629519462585,-0.4615768790245056,-0.8341585993766785,-0.11193157732486725,0.5647256970405579,0.6830461025238037,-0.696819007396698,-1.478646993637085,-0.6537126302719116,0.4447717070579529,0.42135947942733765,0.5649515390396118,-0.15070834755897522,0.32087165117263794,-0.19027912616729736,-0.07802083343267441,-0.2579423189163208,-0.20978179574012756,0.1743706315755844,-0.2753085494041443,-0.5493457317352295,0.4344179630279541,0.524201512336731,-0.08309129625558853,0.3593156337738037,0.5743783712387085,0.20863015949726105,-0.10272624343633652,0.5920490622520447,0.9136018753051758,-0.10573875904083252,0.7567773461341858,-0.2436726689338684,-0.5193767547607422,0.24810509383678436,0.09491495788097382,0.20760366320610046,-0.31700795888900757,-0.37976348400115967,1.9624366760253906,-1.3062314987182617,-0.2366977483034134,0.523566484451294,-0.9189759492874146,0.8362380266189575,0.4308679699897766,-0.6549556255340576,0.1797032356262207,0.11065538227558136,-1.729706048965454,0.47054237127304077,-0.14774763584136963,-0.7893306016921997,1.2301719188690186,-0.16780182719230652,0.12621670961380005,0.5128415822982788,-0.022543631494045258,-0.029852693900465965,-0.26026418805122375,0.11698603630065918,-0.7284168004989624,0.2538635730743408,1.0612962245941162,0.3123171329498291,0.24308538436889648,0.2529347836971283,0.3406471014022827,0.3065314292907715,0.5033009052276611,0.1745532900094986,-0.629263162612915,1.0503170490264893,0.13918785750865936,-1.003952980041504,-0.05824931338429451,-0.5576972961425781,-0.33884698152542114,-0.42020854353904724,-0.15623626112937927,-0.6020393371582031,-0.35295581817626953,-0.8334552049636841,-0.4534604549407959,-0.15952447056770325,0.3874398469924927,-0.19012637436389923,0.5884182453155518,0.5952916741371155,-0.4143942594528198,-0.23568354547023773,-0.5137187242507935,-0.6188421249389648,0.2550761103630066,1.7996289730072021,1.1161596775054932,-1.3327951431274414,-0.5168055295944214,-0.8357738852500916,-0.08251996338367462,-0.7905726432800293,0.27698028087615967,0.1145428866147995,-1.4075266122817993,0.017096614465117455,0.1412898302078247,-0.608295202255249,-0.13169893622398376,0.7597954273223877,-0.6709170341491699,0.17226257920265198,-0.5606246590614319,-0.8484722375869751,0.3396455943584442,-1.3808913230895996,0.1575251668691635,-0.005447328090667725,-0.13675536215305328,-1.2595765590667725,0.1443595290184021,-0.6073108911514282,0.7889410257339478,0.04458169266581535,-0.8709612488746643,-0.22869201004505157,0.4653671383857727,0.4329671859741211,0.18912957608699799,-0.7538466453552246,0.7129780650138855,1.0516562461853027,0.9765256643295288,0.643891453742981,0.49571967124938965,-0.6508437395095825,-0.08216311037540436,0.14367160201072693,-0.934602677822113,-1.6701147556304932,0.4040464460849762,-1.0003204345703125,1.6392414569854736,0.07585851848125458,0.11066600680351257,0.636935830116272,1.0223172903060913,-0.41681551933288574,0.7845525145530701,-0.4016296863555908,1.2087326049804688,-0.45172935724258423,-0.6967847347259521,-0.9322158098220825,0.29469889402389526,0.47730422019958496,-0.7567201256752014,-0.573282778263092,0.5534233450889587,-0.38647258281707764,-0.16044317185878754,0.2979598045349121,-0.1543756127357483,1.4666047096252441,0.27754613757133484,0.48062416911125183,0.3477070927619934,-0.3410542607307434,-0.12428177893161774,0.8437420129776001,0.05056973546743393,-0.009946942329406738,1.334842562675476,0.9779666662216187,0.31918007135391235,-0.02058630809187889,0.9595353603363037,0.3191339671611786,-0.48537373542785645,-0.3361169099807739,-0.05836141109466553,-0.1309499740600586,0.8056536912918091,-1.1180933713912964,-0.752577543258667,-0.6035566329956055,0.8954929113388062,1.133053183555603,0.427126407623291,-0.6893372535705566,0.16607537865638733,-0.2280934453010559,-0.6189854145050049,-0.5676189661026001,-0.8310587406158447,0.7959482669830322,0.7299164533615112,0.5549634695053101,-0.22210481762886047,-0.292807400226593,-0.1691959798336029,0.5469036102294922,0.8822765350341797,0.6347038149833679,1.1437089443206787,0.2474866360425949,0.12720294296741486,-0.20971502363681793,0.03187786042690277,0.19381624460220337,-0.462102472782135,-1.0262677669525146,-0.23654533922672272,-0.7662726640701294,-0.3451858162879944,0.18873976171016693,-0.5891447067260742,-1.5711252689361572,0.44618335366249084,0.41789424419403076,0.6991106271743774,-0.28589504957199097,0.5934157967567444,-0.1903786063194275,0.00895048025995493,0.30981385707855225,-0.2950509786605835,0.7670930027961731,1.0418221950531006,1.1376457214355469,-0.5564282536506653,0.19012027978897095,0.310069739818573,0.4703824520111084,-0.025469321757555008,-0.1757308393716812,-0.6134654879570007,0.518187403678894,-0.2884823679924011,0.02271309867501259,0.16273081302642822,0.2880816161632538,-1.0188648700714111,-1.2468485832214355,-1.0728495121002197,0.029215654358267784,1.0556896924972534,-0.4169777035713196,-0.2324548363685608,-0.8638215065002441,-0.4202355146408081,0.42078280448913574,0.9098340272903442,-1.1340503692626953,0.06837611645460129,-0.16986742615699768,0.3261869549751282,-0.5403027534484863,-0.5843896269798279,0.7689452767372131,0.38275688886642456,-0.10313008725643158,-0.4363436698913574,0.4734043478965759,-0.3216274082660675,-0.587907075881958,0.047672390937805176,1.1849617958068848,0.007887637242674828,0.4173641502857208,0.10229802131652832,-0.8653193712234497,-0.2777750790119171,0.433771014213562,0.26026296615600586,0.06683564931154251,1.7351740598678589,0.6445881724357605,-0.7528953552246094,0.2802533507347107,0.9386749267578125,-0.32728302478790283,0.15417946875095367,1.4055899381637573,2.0115902423858643,0.08571020513772964,0.5220401287078857,0.1648213416337967,0.9394809007644653,-0.44004184007644653,-0.9133864641189575,-1.3609613180160522,-0.6070529818534851,-0.4267467260360718","2 
 The huge loss of shipping in the First and Second World Wars established that submarines were deadly 
weapons, but the concept of an underwater armed vessel goes back to the 16th century. However, up 
to circa 1900, submarine development was primaril y experimental . Some early e xamples from 
American and European engineers and entrepreneurs to prove and develop the concept of a viable 
underwater vessel are presented below . Although Mi litary Navies trialled some early vessels with 
limited success, it was not until after  1900 that submarines were developed by Naval Authorities in 
earnest as a weapon .  
 
William Bourne (c.1535 -1582) was an English 
mathematician, writer of navigational manuals, and 
former Royal Navy gunner who in 1578 published his 
design for a submarine which was essentially a wooden 
framed vessel  with a leather covering to be rowed 
under water. Modern submarines operate on the 
principle of flooding and evacuating chambers, whereas 
Bourne envisaged decreasing its volume.    
 
Giovanni Borelli (1608 -1679), Italian physicist and 
mathematician, whose design  was not published until 1749 , Figure 1, was first with the idea of a ballast 
tank. It was never built; the idea was that goatskins in the hull would be fil led with water allowing the 
craft to submerge and would then be evacuated by twisting a rod.   
 
Military submarines began to be developed , including the American Turtle , the French Nautilus , the 
Bavarian  Brantaucher  and others, but none satisfied the military authorities.  The Turtle  was reported as 
the world’s first submersible vessel with a documented combat record , attempting to attach a time 
bomb to HMS Eagle  in New York harbor. Built in 1775, American David Bushnell, who had already 
designed a reliable method for detonating underwater explosives, designed it as a one -man submersible, 
the intention being to attach  explosives to the hull of an enemy ship. With a  hull length of 3m and 0."
data/ThePragmaticProgrammer.pdf,1,"-0.28892800211906433,1.4430046081542969,-3.49076247215271,-1.0288145542144775,1.0213744640350342,1.0763540267944336,-0.9259187579154968,0.24206164479255676,0.08666360378265381,-0.4093315601348877,-1.0688238143920898,-0.14089764654636383,1.4972190856933594,-0.3093092739582062,0.6158830523490906,-2.1078736782073975,0.702731728553772,-1.304324746131897,0.16038447618484497,0.3787541091442108,-0.20660172402858734,-1.1149356365203857,0.018584340810775757,1.5547175407409668,0.1816217601299286,0.5585201978683472,-0.17315280437469482,-0.3373115658760071,0.09931929409503937,0.009848713874816895,0.783068835735321,-0.8637823462486267,-0.28615039587020874,-0.35337305068969727,-0.009216006845235825,-1.6783846616744995,-0.8472566604614258,0.07896572351455688,0.8171131610870361,-0.08141470700502396,0.9206361174583435,0.5528998374938965,-1.3410415649414062,-0.6634870171546936,0.7065815329551697,-0.051535464823246,0.9507585763931274,-0.3781244456768036,0.20943452417850494,-0.7060178518295288,1.5319247245788574,-0.04520693048834801,-0.28160661458969116,-1.8270071744918823,0.07219238579273224,-0.22798363864421844,-0.45509010553359985,-0.6362590789794922,0.08364103734493256,0.22388936579227448,-0.18037106096744537,0.7902986407279968,0.3032170236110687,1.1532862186431885,0.8018018007278442,-0.3918519914150238,-0.6832219362258911,0.8871602416038513,1.103961706161499,0.15472844243049622,0.16810986399650574,-1.1389670372009277,-0.04941220581531525,-0.1897445023059845,-0.1155124306678772,0.4121863842010498,-0.5739150643348694,-0.037476930767297745,-1.0333210229873657,0.05669821798801422,0.9177799820899963,-0.7110868692398071,1.5651259422302246,0.002507900819182396,1.221459150314331,-0.11731374263763428,-0.7933790683746338,0.23035261034965515,-0.7788786888122559,1.4838316440582275,-0.42135050892829895,0.036135364323854446,0.7722676992416382,0.8457480072975159,-0.1818261444568634,0.19772064685821533,-0.6137151718139648,0.12993478775024414,-0.41306817531585693,0.6604567766189575,-0.06767940521240234,-1.3074493408203125,0.1587350070476532,0.2056713104248047,0.9573004841804504,1.3871808052062988,1.1230683326721191,-0.843062162399292,-0.325928270816803,-0.06210611015558243,0.0027360953390598297,-0.028308812528848648,-0.2937585115432739,-1.1351081132888794,0.812218189239502,0.032334230840206146,0.5619296431541443,-1.099511981010437,0.34473609924316406,-0.009438570588827133,-0.5380131006240845,0.3694968819618225,0.021906111389398575,0.4757220149040222,0.09336678683757782,1.0389702320098877,-0.9104129076004028,0.046151258051395416,0.022328952327370644,-0.027545414865016937,-0.28345128893852234,0.4620601236820221,-0.40452590584754944,-0.2839352488517761,1.1585659980773926,1.4705321788787842,-1.0910009145736694,-0.9266542196273804,0.7495614290237427,0.8082758188247681,0.2438640594482422,-0.5950604677200317,0.03184407204389572,0.9496326446533203,0.1302318125963211,-0.21432283520698547,0.1569196879863739,-0.8792134523391724,-1.4059174060821533,-0.07469460368156433,-0.48483753204345703,0.5281031727790833,0.35635802149772644,1.0965907573699951,0.09898637980222702,-0.2299489974975586,0.6032417416572571,0.21147069334983826,0.5162519216537476,0.11556972563266754,0.4610854685306549,0.7163699865341187,-0.43111568689346313,1.2029752731323242,-0.4242016673088074,0.00991070456802845,0.5642508864402771,-0.05024705082178116,0.48536866903305054,-0.2928856611251831,-0.43064042925834656,-1.152019739151001,0.2408697009086609,0.6284376382827759,0.18782994151115417,-1.3481948375701904,1.4434970617294312,-1.0485278367996216,0.14673611521720886,-0.9890190362930298,0.4747762084007263,-0.5074180364608765,-0.556931734085083,0.4865635633468628,-0.7967848181724548,0.28523528575897217,0.37958937883377075,-0.6583713293075562,-0.8530632257461548,-0.23995095491409302,0.49957478046417236,1.045058012008667,-1.119192361831665,-0.5205006003379822,-0.4037317633628845,-0.6027075052261353,1.3341889381408691,0.28437772393226624,0.5375758409500122,-0.09473314881324768,-0.30467522144317627,0.5436261892318726,-0.6816678047180176,-0.16824471950531006,-0.8896494507789612,0.4393038749694824,-0.5616129636764526,0.44473427534103394,0.21718069911003113,-0.725156307220459,1.5051519870758057,0.20462343096733093,-0.7865588665008545,-0.5805429220199585,-0.360124409198761,0.08006031066179276,0.18316221237182617,-0.1336536705493927,-0.028584161773324013,0.21269682049751282,0.9744160175323486,1.0300767421722412,-0.595523476600647,0.5207526683807373,0.9862236380577087,0.439730167388916,-0.44707298278808594,-0.4517366290092468,-0.3294835388660431,-0.7870187163352966,-0.4240114688873291,-1.6123230457305908,0.9861397743225098,0.0907697007060051,-0.7822540998458862,0.5654013156890869,0.654625415802002,0.4456544518470764,-0.010012805461883545,0.3206609785556793,-0.23122376203536987,0.2921695113182068,-0.9208008646965027,-0.37147533893585205,-0.7154783010482788,-0.8328985571861267,-0.7059640884399414,-0.38377588987350464,-0.010492673143744469,0.45852595567703247,-0.5935724377632141,0.1544061005115509,-0.2508304715156555,0.43803027272224426,0.7074012756347656,-0.44865620136260986,-0.3214448094367981,0.061342038214206696,-0.561281144618988,0.45212090015411377,-0.10705208033323288,-0.36828774213790894,0.7710421085357666,-0.9066072702407837,-0.9648336172103882,-1.0859665870666504,-0.8545050024986267,-0.5124201774597168,1.0206365585327148,-0.6061093211174011,-0.7218625545501709,-0.4967702031135559,0.8770014047622681,0.39281508326530457,-0.9717206358909607,-0.28663909435272217,-0.21313953399658203,0.027042938396334648,-0.7053137421607971,0.9022510647773743,-0.12095973640680313,0.20440085232257843,-1.0267999172210693,0.3474782109260559,-0.40761178731918335,-0.33102214336395264,0.4495570659637451,0.19610710442066193,0.8614757061004639,-1.0185520648956299,-0.30178937315940857,-0.12115146219730377,-0.6694331765174866,0.3150251507759094,-0.4711582064628601,0.2683764696121216,1.3612083196640015,-0.3524119257926941,0.15785206854343414,-0.4792555868625641,0.4004037380218506,0.6504335403442383,1.1062828302383423,1.1025277376174927,-0.10662346333265305,-0.377726286649704,0.6588213443756104,-0.10500273108482361,0.02443273738026619,0.32427719235420227,-0.36984774470329285,0.26459723711013794,0.17214758694171906,-0.46844014525413513,-1.2192678451538086,0.3339524567127228,0.6166903972625732,0.480383038520813,0.864048182964325,0.45163360238075256,-0.3219277262687683,0.08613881468772888,-0.6756302714347839,-0.5940276384353638,0.677983820438385,0.6961913108825684,-0.29720956087112427,0.0973907932639122,-0.003552120178937912,-1.2655829191207886,0.011586662381887436,0.9509524703025818,0.786307692527771,-0.7770053148269653,-1.4156122207641602,0.5041999816894531,0.9270727634429932,1.0000560283660889,-1.1535797119140625,1.1117939949035645,1.4613265991210938,-1.3488702774047852,0.5287415981292725,-0.35630932450294495,0.12463848292827606,-0.3356093168258667,-0.8560646176338196,0.47996628284454346,-0.09793615341186523,0.4155225455760956,0.3572427034378052,0.69500732421875,-0.5180319547653198,0.9592863321304321,0.7479405403137207,0.030570151284337044,0.05067504197359085,0.570514440536499,-0.1152823269367218,0.16729609668254852,0.6622104644775391,0.06825856864452362,0.08412311226129532,-0.6321309804916382,0.3474523425102234,-0.17534799873828888,0.29024821519851685,-0.1991536170244217,0.15768828988075256,0.18748874962329865,-1.0340989828109741,0.3057183623313904,-0.3023573160171509,0.2003219872713089,-0.1816674768924713,0.08851034939289093,-0.5723254680633545,-0.216340571641922,-0.5021154880523682,-0.23179954290390015,0.43173715472221375,-1.0760741233825684,-0.014126686379313469,-0.31238067150115967,0.006878569722175598,-0.5239942669868469,-0.0927824079990387,-0.08246886730194092,-0.07241727411746979,0.009804390370845795,-0.3462182283401489,-0.7588101625442505,-0.8940696716308594,-1.0470688343048096,0.20485612750053406,-0.21154271066188812,0.11952409148216248,-0.6020053625106812,-1.1009732484817505,0.12443435192108154,-0.6833314895629883,-1.1306699514389038,0.4399387240409851,-0.002968389540910721,-0.2792350649833679,0.7965587377548218,0.3185614347457886,-0.48931777477264404,0.041193291544914246,-0.24607443809509277,0.6418490409851074,1.0759828090667725,-0.5072320699691772,-0.9606375694274902,-0.8853447437286377,0.18854385614395142,0.9246102571487427,1.0284373760223389,-0.8146741390228271,0.8027533292770386,0.17955918610095978,0.35005801916122437,0.16849184036254883,-0.10677502304315567,0.45557650923728943,-0.23384957015514374,-0.11528100818395615,0.09954666346311569,0.5318477153778076,-1.9344172477722168,0.7242864966392517,-0.18538396060466766,-0.1293046474456787,0.4983963966369629,1.1397830247879028,0.5408418774604797,0.7802770137786865,0.05417584627866745,0.4855054020881653,1.6420868635177612,0.4992048740386963,-0.3514919579029083,0.17602214217185974,0.776437520980835,0.5564641952514648,1.1891534328460693,0.7218929529190063,0.38465315103530884,-0.3785921037197113,0.953575611114502,0.2297109067440033,-0.3771302103996277,0.7531653642654419,0.6001759171485901,0.4836990237236023,-0.32539403438568115,0.034168679267168045,-0.13382238149642944,-0.4271112382411957,0.402971088886261,0.5427703857421875,-0.09418538212776184,-0.8796269297599792,0.48357313871383667,0.3362389802932739,-0.41124939918518066,0.05060623958706856,-0.03150026500225067,-0.3313213288784027,1.1211885213851929,-0.4329625070095062,0.5697898268699646,0.28304803371429443,0.3715709149837494,-0.48828357458114624,0.06093668192625046,-0.7090569734573364,-0.4851835072040558,0.6155732870101929,-0.3431375026702881,0.5576408505439758,-0.6216205954551697,-1.4994338750839233,-1.1368987560272217,0.43369707465171814,0.5406630039215088,0.41159528493881226,-0.3375847637653351,0.5317914485931396,0.11696557700634003,-5.7978555560112e-05,-0.007399894297122955,-0.26957929134368896,0.24909141659736633,0.3347105383872986,-0.8940978646278381,0.14652280509471893,0.5093808770179749,0.42489445209503174,0.6255248785018921,0.7700519561767578,0.5558733344078064,-0.3343009352684021,0.8088366985321045,0.18050192296504974,0.40435802936553955,0.8089637756347656,0.2917882204055786,-1.1051546335220337,-0.2800920605659485,-0.30962345004081726,0.2589187026023865,-1.0100740194320679,-0.4782176911830902,1.4138665199279785,-1.0223325490951538,0.024674832820892334,0.18071575462818146,-0.5428255200386047,0.6324554085731506,0.37407511472702026,-0.5854718685150146,0.1112428829073906,-0.0856865793466568,-1.4269304275512695,1.0198943614959717,-0.04976131021976471,-1.0797163248062134,0.7624140381813049,0.09413567185401917,0.34819677472114563,-0.2543509602546692,0.006498139351606369,-0.6790269613265991,-0.8666608333587646,0.6907050013542175,-0.7600750923156738,0.3275263011455536,1.3363311290740967,0.09323489665985107,0.47676894068717957,-0.07317550480365753,0.2640436589717865,-0.05442338064312935,0.4566807150840759,-0.32186976075172424,-1.2542250156402588,0.7854933142662048,0.21697542071342468,-0.5255459547042847,0.3314897418022156,-0.6997432708740234,-0.6421988010406494,-0.36248302459716797,0.33010128140449524,-0.7996597290039062,-0.6572012305259705,-0.6955755949020386,-0.9085869193077087,-0.8021382093429565,0.23029327392578125,0.027928754687309265,0.9480673670768738,0.9850962162017822,-0.5451147556304932,0.28861337900161743,-0.505713939666748,-0.7784234285354614,0.08207231760025024,1.3266406059265137,0.7663960456848145,-1.1723169088363647,-0.11883954703807831,-0.5417490005493164,-0.4060271382331848,-0.5554766654968262,0.2908455729484558,0.4593435227870941,-1.5535681247711182,-0.21503612399101257,0.1565980613231659,-0.2956264913082123,-0.3950744867324829,0.525822639465332,-0.9039605259895325,0.4084642231464386,-0.5921133756637573,-1.166822075843811,0.11093021929264069,-0.959094226360321,0.34885430335998535,0.4322353005409241,-0.37314072251319885,-1.5205790996551514,-0.015912503004074097,-0.7582823038101196,-0.21972952783107758,-0.3348865807056427,-0.2845415472984314,-0.5223175287246704,0.12674403190612793,-0.2298542559146881,0.24987952411174774,-1.1277141571044922,0.6138054132461548,1.0295552015304565,1.0062289237976074,0.6639009714126587,0.4243330955505371,0.13074809312820435,0.3232277035713196,0.6121569275856018,-0.861822247505188,-1.1554113626480103,0.3532732129096985,-0.4897422194480896,1.0358277559280396,-0.3612227439880371,-0.40649423003196716,0.5841182470321655,0.9153268337249756,-0.4306895434856415,0.29928216338157654,0.14739014208316803,1.2530391216278076,-0.4812067449092865,-1.0570446252822876,-0.6210147142410278,0.6611406207084656,0.6556252241134644,-0.9948483109474182,-0.23983269929885864,0.07922118902206421,-0.20468519628047943,0.16964513063430786,0.6083396673202515,-0.2807239294052124,1.356769323348999,0.07637897878885269,0.6914647817611694,0.2864309847354889,-0.043529532849788666,-0.2861032485961914,0.5457087755203247,0.14613734185695648,0.29333022236824036,1.3540385961532593,0.9940345287322998,0.7563951015472412,-0.3774676024913788,0.7085304260253906,1.2549790143966675,-0.4169732630252838,-0.73284512758255,0.030717354267835617,-0.7044655084609985,0.48180973529815674,-0.8632951974868774,-0.8995687961578369,-0.1360449641942978,0.5259041786193848,0.2950957715511322,0.016661304980516434,-0.7045387029647827,0.6265986561775208,-0.49012863636016846,-0.7148809432983398,-0.16328829526901245,-0.8947736620903015,0.5702443718910217,1.0481128692626953,0.8176364898681641,-0.17463268339633942,0.14621645212173462,0.2986322045326233,0.6712325811386108,0.8553311824798584,0.4286098778247833,0.7808120846748352,-0.05646302551031113,-0.2586774230003357,0.1627061367034912,0.49306732416152954,0.14991003274917603,-0.8059564828872681,-0.7289324998855591,0.08526507019996643,-0.8352598547935486,-0.4541926085948944,0.042747437953948975,-0.19343537092208862,-0.8120092749595642,0.7236440181732178,-0.15144193172454834,0.1017892062664032,-0.18974260985851288,0.7347007393836975,-0.5492620468139648,-0.3536798655986786,0.0558653399348259,-0.5033379793167114,0.7259035110473633,1.0072789192199707,0.6185778379440308,-1.0976676940917969,-0.019118834286928177,0.29298993945121765,0.3748025894165039,-0.30938583612442017,0.6501044631004333,-0.16219916939735413,0.8000760078430176,-0.01873953267931938,0.0997782051563263,0.1335812211036682,0.3131501078605652,-0.9312438368797302,-1.067138671875,-0.9840720295906067,-0.27797022461891174,0.9454331994056702,-0.16482865810394287,-0.34101900458335876,-0.6746560335159302,-0.0851730927824974,0.16640692949295044,0.6320298910140991,-1.0574884414672852,0.6962544322013855,-0.37904980778694153,0.45263633131980896,-0.006202135235071182,-0.42145606875419617,0.04524492472410202,0.24129211902618408,-0.005339321680366993,-0.3898528218269348,-0.11128975450992584,-0.41431498527526855,-0.5925899147987366,0.028686409816145897,1.0736587047576904,-0.22338765859603882,0.6931084394454956,0.19802379608154297,-0.664740800857544,-0.051252368837594986,0.4507218897342682,0.40287870168685913,-0.07055898010730743,1.7940673828125,0.4110373854637146,-0.6066398620605469,-0.13825833797454834,-0.05293760448694229,0.23681330680847168,-0.06251424551010132,0.8248529434204102,1.5449714660644531,0.20472422242164612,0.8915307521820068,0.1436120867729187,1.2297773361206055,-0.07669053971767426,-1.0118532180786133,-1.5948681831359863,-0.5302045345306396,-0.49840009212493896"," It was never built; the idea was that goatskins in the hull would be fil led with water allowing the 
craft to submerge and would then be evacuated by twisting a rod.   
 
Military submarines began to be developed , including the American Turtle , the French Nautilus , the 
Bavarian  Brantaucher  and others, but none satisfied the military authorities.  The Turtle  was reported as 
the world’s first submersible vessel with a documented combat record , attempting to attach a time 
bomb to HMS Eagle  in New York harbor. Built in 1775, American David Bushnell, who had already 
designed a reliable method for detonating underwater explosives, designed it as a one -man submersible, 
the intention being to attach  explosives to the hull of an enemy ship. With a  hull length of 3m and 0.9m 
beam constructed from oak with wrought iron hoops , it incorporat ed lead ballast and displaced 91kg ; 
the innovative hand cranked propellers were capable of 2.6 knots, with  a 30 -minu te endurance. During 
the Revolutionary War, British ships controlled the Hudson River and in September 1776, Turtle  failed in 
attempts to sink any of these ships. It was lost when being transported aboard an American sloop sunk 
on 9 October 1776 by the British. Replicas are exhibited at various American locations and a cutaway 
full-sized replica of the Turtle  is displa yed at the Royal Navy Submarine Museum in Gosport, Figure  2, 
below .   Source: Public Domain  
https://commons.wikimedia.org/wiki/File:Giovanni_Alfonso_Borelli_De_M
otu_Animalium_1680."
data/ThePragmaticProgrammer.pdf,2,"-0.2330547571182251,0.9176561236381531,-4.068560600280762,-0.08924861252307892,1.0150479078292847,0.8234848976135254,-0.7110241651535034,0.41050100326538086,-0.0923909842967987,-0.037736259400844574,-1.1200284957885742,-0.22761347889900208,1.8911687135696411,-0.18569305539131165,0.6417622566223145,-1.69845712184906,0.2902332544326782,-1.4408020973205566,-0.37925660610198975,-0.23729588091373444,-0.23269450664520264,-1.1946442127227783,-0.7722596526145935,0.6963340044021606,0.5537899136543274,0.1847475916147232,-0.5028126835823059,-0.7751239538192749,-0.23183472454547882,-0.20828914642333984,0.6891352534294128,-0.4848540723323822,-0.8488897681236267,-0.04579322040081024,-0.5262057781219482,-1.785855770111084,-0.17118465900421143,1.0597788095474243,0.6601685285568237,0.5052908658981323,0.8143376111984253,0.32295551896095276,-0.7120767831802368,-1.07267165184021,1.189632773399353,-0.09669791162014008,0.5706085562705994,-0.5556690692901611,1.0419385433197021,-0.6434645056724548,1.488822102546692,0.16577869653701782,-0.32528090476989746,-1.4673103094100952,0.07206770032644272,0.03878246620297432,-0.7571378350257874,-0.3399728834629059,1.0213391780853271,-0.004307749215513468,-0.05584757402539253,0.5600829124450684,0.07641145586967468,0.8496801257133484,0.7924646735191345,0.17484188079833984,-0.7079221606254578,1.7404677867889404,0.7180498242378235,-0.3934624493122101,0.5182787179946899,-0.7910960912704468,0.30940237641334534,-0.7180034518241882,-0.5213669538497925,1.5704370737075806,-0.8974559307098389,0.03269066661596298,-0.6896622776985168,-0.2943141758441925,0.53718101978302,-0.3733600378036499,1.4167773723602295,0.3042899966239929,0.7914083003997803,-0.2299319952726364,-0.456545889377594,0.4889407455921173,-1.081055998802185,0.6073742508888245,-0.27206018567085266,0.16804204881191254,0.7830719947814941,1.2987805604934692,-0.12903587520122528,0.4091438055038452,0.2873295843601227,0.4907914102077484,-0.4447614252567291,0.3231648802757263,-0.3266674280166626,-0.920468270778656,-0.3328644335269928,0.28738337755203247,0.7609504461288452,0.814189076423645,1.3347834348678589,-0.3185625374317169,0.2251681238412857,-0.37246575951576233,-0.26202136278152466,-0.03511664643883705,-0.8271059393882751,-0.5807505249977112,0.6307303309440613,0.2227901667356491,0.4977075159549713,-0.7540561556816101,0.08716637641191483,-0.2169150859117508,-0.8428803086280823,0.34525826573371887,-0.030232369899749756,0.18464533984661102,0.18888039886951447,0.9789349436759949,-0.8273955583572388,0.19181954860687256,0.15950541198253632,-0.15667688846588135,-0.7079162001609802,0.4490720331668854,-0.5332671403884888,-0.27951085567474365,0.9710588455200195,1.1351938247680664,-0.8448420166969299,-0.4688284397125244,0.14817044138908386,0.3301423490047455,0.2951052188873291,-1.0820056200027466,-0.2925766408443451,0.6605088114738464,-0.06956377625465393,-0.94388347864151,0.002225705189630389,-0.3273031711578369,-1.9005775451660156,0.13336050510406494,-0.17031696438789368,0.456788033246994,0.5200361609458923,1.481587290763855,-0.6252562999725342,-0.7156210541725159,-0.27756187319755554,-0.11851079761981964,0.6813836693763733,0.36107152700424194,0.6880149841308594,-0.2173769176006317,-0.6806047558784485,1.8650104999542236,-0.4501957297325134,-0.10777485370635986,0.697367787361145,-0.2296108901500702,0.7736780047416687,0.07675302028656006,-1.0496588945388794,-1.1143040657043457,-0.5074644088745117,0.5729954838752747,0.5862419605255127,-0.9177947044372559,1.1043399572372437,-1.3550083637237549,-0.2663150727748871,-0.8027458786964417,0.27086156606674194,-0.5860031843185425,0.013645377941429615,1.168818712234497,-0.7646464705467224,0.30889248847961426,-0.06722614914178848,-0.7836753129959106,-0.8560289144515991,-0.6100677847862244,0.25966140627861023,0.9238718748092651,-0.913738489151001,-1.0654634237289429,-0.4491078853607178,-0.09375549107789993,1.6094133853912354,0.15296444296836853,-0.011267084628343582,-0.18235957622528076,-0.10539142042398453,0.31584444642066956,-0.3902224004268646,-0.3127903938293457,-0.23772911727428436,0.5715193152427673,-0.2052060067653656,0.8415490984916687,0.19163504242897034,0.11249162256717682,1.392088770866394,0.15559135377407074,-0.37279024720191956,-1.0187636613845825,-0.0501801073551178,0.003318693256005645,0.1500183790922165,0.07115371525287628,0.3805922567844391,-0.08284702897071838,0.2776603102684021,0.9750699996948242,-0.1126401424407959,-0.2284311205148697,1.026093602180481,0.38248276710510254,-0.6609446406364441,-0.47788235545158386,-0.421489953994751,-0.717168927192688,-0.3648938238620758,-1.632002592086792,1.2390906810760498,-0.04902902618050575,-0.5454162359237671,0.7829685211181641,0.33659979701042175,0.4349009096622467,0.20121344923973083,0.8424198031425476,-0.3210773766040802,0.36168643832206726,-0.8105553984642029,-0.6087539196014404,-0.42347079515457153,-0.2345595359802246,-0.5858235359191895,-0.5079836845397949,0.0986611470580101,0.5820819735527039,0.050861015915870667,-0.09471283107995987,0.3196297585964203,0.4052838385105133,0.050542473793029785,-0.004222426563501358,-0.45007461309432983,0.5737800598144531,-0.567053496837616,0.2109486311674118,0.37112942337989807,-0.6350036263465881,0.5975139737129211,-1.1143709421157837,-1.5041128396987915,-1.1292980909347534,-1.153428554534912,-0.8765863180160522,1.0370357036590576,-0.6442595720291138,-0.03469420596957207,-0.31515952944755554,0.4302467703819275,0.8706993460655212,-0.9009482860565186,0.028529087081551552,-0.27899885177612305,0.03055141679942608,-0.7103646993637085,0.3219779133796692,-0.6752442717552185,-0.1204046979546547,-0.9372027516365051,0.15549175441265106,-0.03707054629921913,0.40805351734161377,0.5814870595932007,0.5218062996864319,0.9531959295272827,-0.5728546380996704,0.07146678864955902,-0.22518154978752136,-0.2989073395729065,0.4414474666118622,-0.012089920230209827,0.3978000581264496,0.9565038084983826,-1.053754448890686,-0.053399987518787384,-1.0199744701385498,1.3847403526306152,0.5604882836341858,1.2410733699798584,1.0314850807189941,0.04126725345849991,0.11864727735519409,0.0252520851790905,0.43413013219833374,0.30022457242012024,-0.3115462362766266,-0.8213862180709839,-0.3300221860408783,0.24344398081302643,-0.41304633021354675,-1.4518290758132935,1.1059176921844482,0.81981360912323,0.09384751319885254,0.8419694900512695,0.25720372796058655,-0.42065420746803284,-0.3486108183860779,-0.6588270664215088,-1.632544755935669,1.0441120862960815,1.1077184677124023,-0.49452924728393555,-0.009153977036476135,-0.6596235036849976,-0.5553358793258667,0.12437742948532104,0.8073403239250183,0.1186479702591896,-1.2013112306594849,-1.1644008159637451,0.6878095269203186,0.6521393656730652,1.2845780849456787,-0.8867104649543762,0.5617988109588623,1.651282787322998,-1.2694365978240967,0.382138729095459,-0.5837522149085999,-0.261847585439682,-0.39022010564804077,-0.6252099275588989,0.5836568474769592,0.21740250289440155,0.845926821231842,-0.11133608967065811,0.8222448229789734,-0.523768424987793,0.5434103608131409,0.1761004477739334,-0.08692119270563126,0.2597341537475586,0.8790447115898132,-0.08747952431440353,0.047897111624479294,0.5500972867012024,-0.0018681659130379558,-0.00753089739009738,-0.27867090702056885,0.1917080134153366,-0.11945723742246628,0.04848020151257515,-0.10985670983791351,-0.4394226670265198,-0.48736798763275146,-0.9783290028572083,0.26061925292015076,-0.33707332611083984,0.4402528405189514,-0.33403393626213074,-0.3618761897087097,-0.7206040024757385,-0.08556549996137619,-0.5497442483901978,0.08865176886320114,0.42138174176216125,-0.682301938533783,0.1774052232503891,0.22046557068824768,0.16643017530441284,-0.11674314737319946,-0.08005096018314362,-0.2668875455856323,-0.294214129447937,-0.29354560375213623,-0.6251707673072815,0.3573533892631531,-1.3649013042449951,-0.6538515686988831,-0.15239231288433075,0.07795856148004532,0.43498438596725464,-0.3939710557460785,-0.8061653971672058,-0.234367236495018,-0.6358857750892639,-0.8977546691894531,0.28153371810913086,0.5964985489845276,-0.512134850025177,0.09692460298538208,-0.3253462016582489,-1.0211542844772339,0.4290843904018402,-0.7809200286865234,0.7793187499046326,1.1998684406280518,-0.15017513930797577,-0.5888069272041321,-0.37597939372062683,0.014225214719772339,0.7035698294639587,0.4679796099662781,-0.6620525121688843,0.7972572445869446,0.6957096457481384,0.8727735877037048,0.20822887122631073,-0.26253747940063477,0.5844417214393616,-0.07497557997703552,0.4461698830127716,0.2948082685470581,0.09477701038122177,-1.796263575553894,0.6235587000846863,0.10272657126188278,-0.058590151369571686,-0.09578295797109604,0.650356113910675,-0.1141771748661995,0.703179121017456,0.5563136339187622,0.18118099868297577,2.2587785720825195,0.9092326164245605,-0.2706203758716583,-0.16692467033863068,0.40231627225875854,1.3306305408477783,1.4647964239120483,0.951077401638031,0.2652294635772705,-0.03650897741317749,1.5746097564697266,0.060785312205553055,-0.29543787240982056,0.6812806129455566,0.7947028279304504,1.1554490327835083,-0.8102911114692688,0.18216510117053986,0.03759642317891121,0.4148552417755127,0.5737086534500122,0.7661765813827515,0.019385572522878647,-0.6063683032989502,0.7389076352119446,-0.17998839914798737,-0.3536333441734314,-0.11919716745615005,-0.2387142926454544,-0.7978869676589966,0.6687647700309753,-0.5773418545722961,0.413085013628006,0.4089932441711426,-0.02712451107800007,-0.812691867351532,0.018367713317275047,0.2852780818939209,-0.12188533693552017,-0.5155966877937317,0.9727564454078674,0.4719002842903137,-0.7991857528686523,-1.3947259187698364,-0.8602810502052307,0.5367427468299866,0.4948199689388275,0.23527374863624573,-0.2804209887981415,0.07327822595834732,-0.33865463733673096,-0.0634722113609314,0.08946141600608826,0.19737543165683746,0.2655850350856781,-0.5204376578330994,0.1207197979092598,-0.2242765873670578,0.2955421507358551,1.165088176727295,0.4460734724998474,0.546756386756897,0.5249886512756348,-0.4569830596446991,0.2976747155189514,0.33442336320877075,-0.08598870784044266,0.9049055576324463,0.24656294286251068,-0.23215444386005402,0.031954653561115265,-0.39326053857803345,-0.3112669289112091,-0.43406814336776733,-0.31236544251441956,2.0617947578430176,-0.9121463894844055,-0.21970944106578827,0.3530222773551941,-0.619660496711731,0.6486711502075195,0.6794146299362183,-0.3784194886684418,0.44806399941444397,-0.1457788646221161,-1.803584098815918,0.7211408615112305,-0.21683922410011292,-0.8547630310058594,0.7668887376785278,-0.20459626615047455,-0.07031966745853424,0.11492224037647247,-0.33719325065612793,-0.08714356273412704,0.08412380516529083,0.42576438188552856,-0.742885172367096,0.3429419994354248,1.2183207273483276,0.17109481990337372,0.07610391080379486,-0.18917442858219147,0.02039114199578762,0.3110343813896179,-0.15857884287834167,-0.1188502386212349,-0.0820101872086525,0.20901621878147125,0.2185407131910324,-0.8340180516242981,0.476629376411438,-0.6733217239379883,-0.4072314500808716,-0.2127942591905594,-0.16667450964450836,-0.5751855969429016,-0.64628005027771,-0.5945423245429993,-1.0553946495056152,-0.6847332715988159,-0.023408403620123863,-0.3781374990940094,1.0259050130844116,0.7114728689193726,-0.4729309380054474,0.0060493662022054195,-1.0315951108932495,-0.6258386373519897,-0.00770227424800396,1.300597071647644,0.8619318604469299,-1.454672932624817,-0.731660008430481,-0.778847873210907,0.17071959376335144,-0.2237204611301422,-0.13136665523052216,0.34318527579307556,-1.1608368158340454,-0.22530007362365723,-0.04262441769242287,-0.6366760730743408,0.15996915102005005,0.5244640707969666,-0.9268894195556641,0.17292208969593048,-0.6602737903594971,-0.4163649082183838,0.2881447970867157,-0.9498427510261536,0.5251686573028564,-0.005141323432326317,0.1345495581626892,-1.0871095657348633,0.16174893081188202,-0.33658474683761597,0.16148212552070618,-0.12637801468372345,-0.7246216535568237,-0.6312665939331055,0.22016550600528717,0.04684416577219963,0.5191763043403625,-1.075141429901123,0.38369640707969666,1.4035876989364624,0.700538158416748,0.6766179203987122,0.8561555743217468,-0.18117453157901764,-0.09709616750478745,0.06119547411799431,-0.8803769946098328,-1.1976237297058105,0.679850697517395,-0.9661797881126404,1.3413773775100708,-0.2994988262653351,-0.19159241020679474,0.10277047753334045,0.527930736541748,-0.5291525721549988,0.5072528719902039,-0.1440494954586029,0.8745075464248657,-0.6460972428321838,-0.7989654541015625,-0.885654628276825,0.2520671784877777,0.5416988730430603,-0.5476441979408264,-0.29429036378860474,0.0995606780052185,-0.3182036876678467,-0.17235048115253448,0.306094765663147,-0.31818029284477234,0.7815972566604614,0.1467062085866928,1.0818328857421875,0.5575181245803833,-0.3352173864841461,-0.1714443862438202,0.8913723826408386,-0.05227440223097801,-0.17725706100463867,1.532027244567871,0.8238948583602905,0.1946975439786911,-0.05234315246343613,1.09357488155365,1.040433645248413,-0.23914693295955658,-0.042079925537109375,0.5096636414527893,-0.25696519017219543,1.0802488327026367,-0.66152024269104,-0.7156471610069275,-0.7164725065231323,0.714000940322876,1.236974835395813,0.6446115374565125,-0.46436506509780884,0.5308731198310852,-0.19878482818603516,-0.6604600548744202,-0.47140824794769287,-1.2208375930786133,0.8103370070457458,0.7182178497314453,0.7024305462837219,-0.2596406638622284,-0.13773605227470398,-0.3382043242454529,0.52238529920578,1.0336354970932007,0.8204673528671265,1.0099146366119385,0.36629045009613037,0.08370179682970047,-0.11655833572149277,-0.0842740461230278,-0.29901358485221863,-0.7501429915428162,-0.7024105787277222,-0.07905924320220947,-0.8613952994346619,0.04251963645219803,0.02643864043056965,-0.5429585576057434,-1.3296122550964355,0.8545525074005127,-0.19276130199432373,0.36702045798301697,-0.02941061556339264,0.4551407992839813,-0.6613670587539673,-0.17336371541023254,-0.24646857380867004,-0.3292574882507324,0.9966705441474915,0.95414137840271,0.40828970074653625,-1.0144603252410889,-0.15250429511070251,0.5001252293586731,0.47938767075538635,0.0639287680387497,0.48233410716056824,0.0625087097287178,0.5621267557144165,-0.5335246920585632,0.4204932749271393,0.5447585582733154,-0.13500075042247772,-0.7782188653945923,-1.3422764539718628,-0.9262467622756958,0.33225807547569275,1.1674280166625977,-0.017691047862172127,-0.6058303713798523,-0.5628146529197693,-0.6521812081336975,0.6796744465827942,1.1655343770980835,-1.0204617977142334,-0.13888686895370483,-0.27078893780708313,0.28073033690452576,0.09210030734539032,-1.3103855848312378,0.0815700888633728,-0.2848944365978241,-0.33207857608795166,-1.4241993427276611,0.19821606576442719,-0.3592209815979004,-0.9298992156982422,-0.3905642628669739,0.7003254294395447,0.357638955116272,0.15161146223545074,0.07869292050600052,-0.8239666223526001,-0.3084339201450348,0.5338611602783203,0.34505730867385864,0.1969798505306244,1.5007365942001343,0.6397169232368469,-0.5194143652915955,-0.08470247685909271,1.0197786092758179,0.0680856704711914,0.42890819907188416,1.439268708229065,2.158487558364868,0.24680443108081818,0.6201475262641907,-0.14829713106155396,0.4243021309375763,-0.07195304334163666,-0.40585029125213623,-1.0079630613327026,-0.3364611864089966,-0.3642180562019348","3 
 Another American inventor, Robert Fulton, while working 
for the French government designed an all -metal vessel 
named the Nautilus , which is claimed sometimes as the 
first modern submarine.  Notably, it included new features 
such as diving planes to aid submerging, a cigar shaped hull, 
a copper observation dome resembling but not actually a 
conning tower, compressed air bottles for the crew, a hand 
operated propeller for underwater movement and also, for 
surface travel a collapsible mast and sail. Des pite successful 
dives  in 1800 , the French Navy considered it suicidal to the 
crew and the British Navy was not overly impressed, so 
Nautilus  was sold for scrap.  
 
The Brandtaucher  submersible is the oldest known 
surviving submarine in the world. A scaled back 3 -man  
second  version , 8.07m long, 2.02m beam, 2.63m draught 
with a hand -cranked propeller was tested to 9m depth. 
Launched in 1850, it was trialled in Kiel harbour but 
equipmen t failure caused it to sink on 1 February 1851 . 
Designer William Bauer and his two crew managed to escape, thus being the first witnessed and 
recorded underwater submarine escape . Sinking within an 18  metre deep hole on the harbour bottom, 
it remained lost until 1887, being raised, restored and now displayed at the German Armed Forces 
Museum of Military History in Dresden . Other examples trialled in this period included the 1862 
American Alligator which claimed a number of firsts , such as an air purifying system, a forward airlock 
allowing divers to leave and enter while submerged, and was armed with two limpet mines. The mines 
could be affixed by divers, transiting the airlock, to an enemy ship’s hull, and a battery inside the 
submarine, conn ected to the mines by insulated copper cable, facilitated detonation . The American H. 
L."
data/ThePragmaticProgrammer.pdf,2,"0.1615774929523468,0.5247923731803894,-3.6973838806152344,-0.5593471527099609,1.3538912534713745,0.7567628622055054,-0.6351831555366516,0.08778467774391174,0.20790569484233856,0.25001049041748047,-0.7220420241355896,0.02588927000761032,1.8531535863876343,-0.5047129392623901,0.6758710145950317,-1.83677077293396,0.23829872906208038,-0.9784612059593201,-0.09756637364625931,-0.43109503388404846,0.19190683960914612,-0.3344346284866333,-0.3112339377403259,0.24793082475662231,-0.3525931239128113,0.48049861192703247,-0.18739567697048187,-0.5846986770629883,-0.27743956446647644,-0.2935522794723511,0.19501078128814697,-0.82023686170578,-0.2249981313943863,-0.012825187295675278,-0.11430112272500992,-1.4564636945724487,-0.35163888335227966,0.42690378427505493,0.5719286203384399,0.40569692850112915,1.0518436431884766,-0.27950209379196167,-0.1607968807220459,-0.6879898309707642,1.010491132736206,-0.056626930832862854,0.6654284000396729,-0.5194811820983887,0.4720969498157501,-0.10503070801496506,1.586054801940918,0.2198740541934967,-0.27193790674209595,-1.5769062042236328,0.41716402769088745,0.17988444864749908,-0.5479767322540283,-0.4076395630836487,0.8316468000411987,-0.5546584129333496,0.10366588085889816,0.9627361297607422,-0.3896470069885254,0.5739738941192627,0.35815557837486267,-0.15791568160057068,-0.8277598023414612,1.1991623640060425,0.7514233589172363,0.003930313512682915,0.22580364346504211,-0.800704300403595,-0.39444899559020996,-0.5881075859069824,-0.48344022035598755,0.6379076242446899,-1.010420322418213,-0.08786934614181519,-0.29244929552078247,-0.3470415771007538,0.4205232858657837,-0.18387922644615173,1.3353387117385864,-0.43247559666633606,0.8894764184951782,0.14704325795173645,-0.8255437612533569,0.4648561179637909,-0.899004340171814,0.8973217010498047,-0.34493058919906616,0.3740262985229492,0.9890801310539246,1.0086418390274048,-0.546410083770752,-0.17985135316848755,0.4045103192329407,0.0777474120259285,-0.4110237956047058,0.4618756175041199,-0.5693543553352356,-1.0012027025222778,0.3020678162574768,0.6506962776184082,1.1765358448028564,1.0695804357528687,1.1196649074554443,-0.4021646976470947,-0.4270419478416443,-0.20622144639492035,0.25160640478134155,0.30833205580711365,-0.6296710968017578,-0.9994655251502991,0.04621735215187073,-0.06982036679983139,0.46893420815467834,-0.6948638558387756,-0.17941826581954956,-0.22274048626422882,-0.34180599451065063,0.3485635221004486,-0.40674424171447754,0.7933108806610107,0.1234014630317688,1.1929080486297607,-0.79450523853302,0.35865479707717896,0.21822689473628998,-0.6048987507820129,-0.7648370265960693,0.5937761068344116,-0.48086825013160706,-0.39662158489227295,0.8073519468307495,1.2407068014144897,-0.3800538182258606,-1.0380455255508423,0.5663884878158569,0.4198702573776245,0.5405178070068359,-0.6162821650505066,0.1263909488916397,0.745998740196228,-0.07622307538986206,-0.5036748647689819,0.3882850408554077,-0.5825048685073853,-1.3394241333007812,0.14823412895202637,-0.7024445533752441,0.7284142971038818,0.29759031534194946,1.2976093292236328,-0.3046026825904846,-0.6150603294372559,-0.08737023919820786,-0.10369335114955902,0.391483873128891,0.17343129217624664,0.253589928150177,0.10214506089687347,-0.057102590799331665,1.3180874586105347,-0.6384145021438599,-0.0073306262493133545,0.584071159362793,0.26134002208709717,0.9127033948898315,-0.09698454290628433,-1.1504994630813599,-0.9042040109634399,-0.06147279590368271,0.8830158114433289,0.4580667018890381,-0.8077322244644165,1.5673301219940186,-1.1965553760528564,0.06616131961345673,-0.5975737571716309,0.17092007398605347,-0.6110299825668335,0.09285852313041687,0.6959704160690308,-1.0178568363189697,0.2917202115058899,-0.17550691962242126,-0.28255587816238403,-0.8121696710586548,-0.6840171813964844,-0.21652042865753174,1.1482014656066895,-1.2812308073043823,-0.267065167427063,-1.0121334791183472,-0.31682538986206055,1.7155418395996094,0.04562839865684509,0.01278146356344223,0.1335156112909317,-0.22661978006362915,0.15232864022254944,-0.28661608695983887,0.06119654327630997,-0.5382399559020996,0.6361962556838989,-0.7321121692657471,0.8621304631233215,0.2626521587371826,-0.164054274559021,1.238248348236084,0.2627994120121002,-0.0386095866560936,-0.39026254415512085,0.2606663405895233,0.05313367769122124,-0.5254530906677246,0.3191317021846771,0.4067939817905426,0.14910541474819183,0.4017406702041626,1.1447621583938599,0.009210167452692986,-0.33992743492126465,0.7660938501358032,0.2634132206439972,-0.38328641653060913,-0.003686554729938507,-0.7256321907043457,-0.03550028055906296,0.058276109397411346,-1.253125548362732,1.0731689929962158,-0.4191785156726837,-0.763547420501709,0.2953130006790161,0.2690255641937256,-0.17458190023899078,0.2832689881324768,0.4688555598258972,-0.43044769763946533,0.29334545135498047,-1.0034911632537842,-0.5124161243438721,-0.8334735631942749,-0.4089328646659851,-0.3274115324020386,-0.27156683802604675,0.07224544882774353,0.6763535737991333,-0.11478234827518463,0.030063530430197716,0.6530709862709045,0.4673863649368286,0.45109909772872925,-0.41110312938690186,-0.4398747384548187,-0.22675754129886627,-0.3205609917640686,0.23395660519599915,0.4848451316356659,-0.4075634181499481,0.3205453157424927,-0.5543220043182373,-1.1347932815551758,-1.1165740489959717,-0.45726099610328674,-0.8008757829666138,0.8281158208847046,-0.804517388343811,0.021745391190052032,0.11235310137271881,0.6029713749885559,0.6145347952842712,-0.7128700613975525,0.2978001832962036,-0.16546249389648438,-0.25612878799438477,-0.299935519695282,0.23951871693134308,-0.3990480303764343,-0.4509023129940033,-1.0452934503555298,0.6956362724304199,-0.07717061787843704,-0.1779593527317047,0.25279316306114197,0.5672469139099121,0.3966209590435028,-0.5671528577804565,-0.14298534393310547,-0.31561487913131714,-0.2993119955062866,0.33050739765167236,0.13427895307540894,0.4283430576324463,1.2064470052719116,-0.7499949932098389,-0.06260267645120621,-1.1802380084991455,1.0273349285125732,-0.21095240116119385,0.9953292012214661,1.0181021690368652,0.13426408171653748,-0.13842719793319702,-0.09046721458435059,0.099587082862854,-0.2199007123708725,-0.36375412344932556,-0.6520610451698303,0.21504053473472595,-0.3481544554233551,0.07180777192115784,-1.5187970399856567,0.3529368042945862,1.0645222663879395,-0.28415384888648987,1.1444756984710693,0.06018932908773422,0.12332755327224731,-0.21763849258422852,-0.17694725096225739,-1.5268824100494385,0.8455494046211243,0.8727596998214722,-0.3764813542366028,0.1502191722393036,-0.9320333003997803,-0.6768916845321655,-0.1677784025669098,0.9265658855438232,0.30897533893585205,-1.3650130033493042,-0.7486738562583923,1.0884506702423096,0.7895122170448303,1.072946548461914,-0.29377812147140503,0.4654844403266907,1.9389235973358154,-1.2736053466796875,0.47216036915779114,-0.2894948124885559,0.026654109358787537,-0.4927874505519867,0.011134626343846321,0.101606085896492,0.09233732521533966,0.4964732527732849,-0.03304817155003548,0.3261210322380066,-0.5481176376342773,0.4301518499851227,0.35656648874282837,-0.18167723715305328,0.31213200092315674,0.7403067946434021,-0.1795954704284668,0.16935832798480988,0.6465523838996887,0.17236384749412537,0.21376165747642517,0.034763604402542114,-0.14226609468460083,-0.09729588031768799,0.11848053336143494,-0.19470536708831787,0.07553893327713013,-0.37111836671829224,-0.24740947782993317,0.6768200397491455,-0.1924918293952942,0.5586461424827576,-0.16256342828273773,-0.16065038740634918,-0.7931902408599854,0.17372757196426392,-0.5500551462173462,-0.5002318024635315,0.17143751680850983,-0.7208367586135864,-0.05597005411982536,0.7463616728782654,0.4489654302597046,-0.4664153754711151,0.2988162040710449,0.12929847836494446,-0.44548147916793823,-0.049425557255744934,-0.07602065056562424,-0.08557494729757309,-1.065026044845581,-0.18196839094161987,0.05532343313097954,0.3544529974460602,0.5911686420440674,-0.5833313465118408,-0.4040085971355438,-0.013423282653093338,-0.5031460523605347,-0.4792814254760742,0.5381618738174438,0.5818769931793213,-0.7153116464614868,-0.05640006810426712,-0.06973081082105637,-0.6352965831756592,-0.15319634974002838,-0.4979817867279053,0.5431076288223267,0.8776711225509644,-0.20124852657318115,-0.5527750253677368,-0.6317644715309143,0.1327052116394043,0.49718621373176575,0.606072187423706,-0.5598679780960083,0.18578259646892548,0.37096986174583435,1.0514426231384277,-0.018726937472820282,-0.22867977619171143,0.3123340904712677,-0.4898194670677185,0.34161490201950073,0.10598386824131012,0.22708430886268616,-1.949235439300537,0.3111957609653473,-0.40534305572509766,-0.13847514986991882,-0.44224509596824646,1.1214083433151245,-0.15578050911426544,0.5689117908477783,-0.05865961313247681,0.2956573963165283,1.5758274793624878,0.9857890009880066,-0.13752277195453644,-0.11239359527826309,0.3055068850517273,0.9370033144950867,1.1491750478744507,0.5604774951934814,0.011903176084160805,-0.160787433385849,0.7434405088424683,0.12540553510189056,-0.32119813561439514,0.5929707884788513,0.4036003053188324,0.6683547496795654,-0.7514277696609497,0.03618575632572174,-0.11364185065031052,-0.08832723647356033,0.7252074480056763,0.6781307458877563,0.08851264417171478,-0.7875972390174866,0.5127086639404297,0.1708279252052307,-0.5226220488548279,0.04028839245438576,-0.15594637393951416,-0.562335729598999,0.4945676326751709,-0.24173171818256378,0.46254271268844604,0.44744157791137695,0.11120209097862244,-0.2822640538215637,-0.0932447612285614,-0.05808873474597931,-0.4020116329193115,0.7504116892814636,0.057405985891819,0.3335685133934021,-1.0451651811599731,-1.271067500114441,-0.8812469244003296,-0.3213104009628296,0.32392647862434387,0.5517771244049072,-0.02760639227926731,0.3681744933128357,-0.04057672992348671,-0.015437604859471321,0.1794874519109726,0.013948746025562286,0.5083910226821899,-0.6958894729614258,-0.1982208490371704,0.10453870892524719,0.6728614568710327,0.8741016983985901,0.11282466351985931,0.9015112519264221,0.6260522603988647,-0.14011234045028687,0.41726982593536377,0.5724266171455383,-0.04779413342475891,0.33932048082351685,0.23043031990528107,-0.7983285188674927,-0.04127111658453941,-0.5142075419425964,0.278595507144928,-0.05491134524345398,-0.00946330651640892,1.4424023628234863,-0.8480353951454163,-0.06376007944345474,0.6246085166931152,-1.0291340351104736,0.6523152589797974,1.0612660646438599,-0.3624906539916992,0.5693745613098145,0.012252148240804672,-1.5579346418380737,0.3298582136631012,0.16432352364063263,-0.9210717678070068,0.030893171206116676,-0.503659725189209,0.15789154171943665,-0.020581144839525223,-0.23240244388580322,-0.19921034574508667,-0.43494194746017456,-0.045632898807525635,-0.7905945777893066,0.5363636612892151,1.1344068050384521,0.1570276916027069,-0.07619358599185944,0.011705394834280014,-0.3400629460811615,-0.22118547558784485,0.2661501169204712,-0.2683539390563965,-0.2835620641708374,-0.08967815339565277,0.40573328733444214,-1.0656143426895142,0.5566273927688599,-0.6660274863243103,-0.47625666856765747,-0.8413807153701782,-0.8422906398773193,-0.5437145829200745,-0.0012024305760860443,-0.9258774518966675,-0.6584939956665039,-0.6497060656547546,0.2063634693622589,0.11687741428613663,1.2855618000030518,0.24971245229244232,-0.2682737708091736,-0.2779318690299988,-0.8258447647094727,-0.6023173928260803,0.29701125621795654,1.3612797260284424,0.6079303026199341,-1.5328872203826904,-0.5893371105194092,-0.6696804761886597,0.528796374797821,-0.23812882602214813,-0.10655462741851807,0.5022526383399963,-1.0506247282028198,-0.08201204240322113,-0.06218813359737396,-0.45256444811820984,0.09458589553833008,0.8206499814987183,-1.0540376901626587,0.05849006399512291,-0.5351730585098267,-0.483670711517334,0.334606796503067,-1.0401486158370972,0.17867587506771088,0.05565761774778366,-0.07392848283052444,-0.9596073627471924,0.40051668882369995,-0.25156936049461365,0.4252009391784668,0.006700171157717705,-1.1087846755981445,-0.3613485097885132,0.6228314638137817,0.37559810280799866,0.8792339563369751,-0.38039660453796387,0.08355879038572311,1.3198009729385376,0.5828577280044556,0.5154145956039429,0.844600260257721,0.042558617889881134,0.19848039746284485,0.22760751843452454,-1.163712501525879,-0.8285902142524719,-0.32460278272628784,-1.0436959266662598,1.444455862045288,-0.3707830309867859,-0.5915825963020325,0.27047139406204224,0.581472635269165,-0.022934189066290855,0.6601505875587463,0.10172708332538605,0.9414357542991638,-0.3120361864566803,-1.0225656032562256,-0.5487541556358337,0.00858483836054802,0.2655171751976013,-0.7347196936607361,-0.16164252161979675,0.05496465787291527,-0.47359275817871094,-0.6581715941429138,0.2807244658470154,-0.15888747572898865,0.8204725384712219,0.17855697870254517,0.5045626163482666,0.7821584939956665,-0.4485902786254883,0.06785264611244202,0.6994134187698364,0.09197594225406647,0.22591178119182587,1.3026310205459595,1.001524806022644,0.25026988983154297,0.26874417066574097,0.6491573452949524,0.7999570369720459,-0.1914195418357849,-0.1944984346628189,-0.0038665244355797768,0.17802512645721436,0.9902716875076294,-0.8242480754852295,-0.43851059675216675,-0.35255682468414307,0.7872614860534668,1.2118091583251953,0.07780849933624268,-0.3833141624927521,0.22559379041194916,-0.37682661414146423,-0.557799220085144,-0.8308708667755127,-1.1121509075164795,1.0024104118347168,0.7422927618026733,0.31661736965179443,0.049792204052209854,-0.3248298168182373,-0.4459173083305359,0.7491821050643921,1.115797758102417,0.46301308274269104,1.0693515539169312,0.04967125505208969,-0.7863422632217407,-0.2799958884716034,-0.4894556999206543,-0.18722008168697357,-0.15207459032535553,-0.597312867641449,-0.09712035208940506,-0.4692833721637726,0.19424869120121002,0.004826521500945091,-0.6853469610214233,-1.3806157112121582,0.5741013288497925,-0.15988877415657043,0.34228983521461487,-0.6868733167648315,0.4199177622795105,-0.6304709315299988,-0.012026689946651459,-0.3187710642814636,-0.6937084794044495,1.0258216857910156,1.030312180519104,0.41257762908935547,-0.8352340459823608,-0.2364988923072815,0.2277013063430786,0.1818406879901886,0.16697973012924194,0.16610419750213623,0.13711276650428772,1.2157094478607178,-0.3997788429260254,0.270529568195343,0.4419414699077606,-0.07237926125526428,-0.8201926946640015,-1.666555643081665,-0.847612738609314,-0.07028750330209732,0.8215678930282593,-0.25193607807159424,-0.08553781360387802,-0.7167154550552368,-0.025377346202731133,0.6877033114433289,1.0575714111328125,-1.0562148094177246,-0.04418651759624481,-0.3216940462589264,0.8534405827522278,-0.18453815579414368,-0.7241836786270142,-0.1402844488620758,0.0004310198128223419,-0.4293302297592163,-0.9767005443572998,0.5058642625808716,-0.36593133211135864,-0.3567217290401459,-0.4468459486961365,0.3108736276626587,0.11402633041143417,0.17353713512420654,0.11640805006027222,-0.5398982763290405,0.16330920159816742,0.4138529896736145,0.3320986032485962,0.05691152065992355,1.7148950099945068,0.9435698986053467,-0.2760659456253052,-0.19765764474868774,0.24698808789253235,0.30096960067749023,0.15597206354141235,1.0107214450836182,1.6778937578201294,-0.030311759561300278,0.8058978319168091,-0.047343283891677856,1.1100149154663086,-0.06761081516742706,-1.0036306381225586,-0.8786177635192871,-0.7765300273895264,-0.3017994165420532"," Sinking within an 18  metre deep hole on the harbour bottom, 
it remained lost until 1887, being raised, restored and now displayed at the German Armed Forces 
Museum of Military History in Dresden . Other examples trialled in this period included the 1862 
American Alligator which claimed a number of firsts , such as an air purifying system, a forward airlock 
allowing divers to leave and enter while submerged, and was armed with two limpet mines. The mines 
could be affixed by divers, transiting the airlock, to an enemy ship’s hull, and a battery inside the 
submarine, conn ected to the mines by insulated copper cable, facilitated detonation . The American H. 
L. Hun ley had the distinction on 17 February 1864 of being the first combat submarine to sink a warship , 
the USS Housatonic  which was an 11 -gun sail and steam Screw Sloop  displacing 1,240 tons. The H.L. 
Hunley’s  weapon was a spar torpedo ; dating from about 1812, the spar torpedo, invented by the same 
Robert Fulton who had designed the submarine Nautilus , was simply an explosive charge, carried by the 
attacking vessel on a long spar or pole, which detonated on contact when striking the target. In this case, 
the H.L. Hunley  was too close to Housatonic  and was also lost with all of its eight crew.  
 
Pioneering mechanically powered submarines of this era include the French Le Plongeur , the Spanish 
Ictineo II , the Turkish Nordenfelt II , the French Gymnote , the Spanish Perla  and the American Argonaut . 
 
Le Plongeur  was the first mechanically powered  submarine. Launched on 16 April 1863 and displacing 
420 tons, it was 45m long with  3.7m beam, tested to 10m depth, armed with a spar torpedo and had a 
complement of 12 crew. This was a much larger vessel than its contemporaries due to 153m3 needed Source: CC BY -SA 4.0  
https://en.wikipedia."
data/ThePragmaticProgrammer.pdf,2,"-0.5406946539878845,1.5189087390899658,-3.472104072570801,-1.8952305316925049,0.5730481147766113,0.565813422203064,-0.5576164722442627,0.4555486738681793,-0.040397368371486664,-0.27469608187675476,-0.9245855212211609,-0.08203125,1.4217798709869385,-0.674880862236023,1.1889567375183105,-1.9014899730682373,0.20731741189956665,-1.9750986099243164,0.22192905843257904,0.4920046925544739,-0.2684819996356964,-0.7843255400657654,-0.2275177240371704,0.6543810367584229,0.9194647669792175,0.7596722841262817,-0.4641759395599365,-0.26692959666252136,0.9504875540733337,0.17791877686977386,1.3429455757141113,-0.849147617816925,-0.31546416878700256,-0.8780733346939087,0.42637795209884644,-1.5473545789718628,-0.6188738942146301,-0.14398908615112305,0.7623310089111328,0.07235488295555115,1.4312949180603027,-0.16246046125888824,-0.5975451469421387,-0.3214622139930725,0.20271694660186768,-0.29867836833000183,0.9700927734375,-0.13556283712387085,0.361178457736969,0.1637776643037796,0.8371627330780029,0.5600032210350037,-0.25967931747436523,-1.0106728076934814,0.744153618812561,0.7402734756469727,-1.3437349796295166,-0.4617169201374054,0.23779797554016113,0.290801465511322,-0.014137731865048409,0.5205411314964294,-0.13204558193683624,1.5421180725097656,1.0028635263442993,-1.0514097213745117,-0.4909198582172394,0.9764522314071655,0.845882773399353,-0.3177213668823242,0.09081266075372696,-1.7043941020965576,0.2409915030002594,-0.4371352195739746,-0.49009203910827637,0.031217340379953384,-0.55201256275177,-0.3325450122356415,-1.1830861568450928,-0.21053920686244965,0.9216412901878357,-0.8924435973167419,1.1041336059570312,0.27434203028678894,0.8773216009140015,-0.2126235067844391,-1.1557315587997437,0.18109053373336792,-0.3056829571723938,1.4147714376449585,0.2299550175666809,0.15271058678627014,0.9907195568084717,0.855505645275116,-0.1393251270055771,0.1227300614118576,-0.4517022967338562,-0.07041352242231369,-0.8270514607429504,0.7632012963294983,-0.0666879266500473,-0.6263797879219055,0.3425678610801697,0.5507081747055054,0.9930546283721924,1.1405067443847656,0.6940867304801941,-0.35985028743743896,-0.6519370079040527,-0.14989285171031952,-0.24740034341812134,-0.5061641931533813,-0.6786015033721924,-0.656527042388916,0.24084046483039856,-0.3233325779438019,0.8957000970840454,-1.1170868873596191,-0.46101003885269165,-0.0507674515247345,-0.2769402265548706,0.065473273396492,-0.4795115292072296,0.5707523226737976,0.18178658187389374,0.19110779464244843,-1.5270708799362183,-0.07404429465532303,0.2778332233428955,-0.20507928729057312,-0.42334237694740295,0.6489996314048767,-0.5717171430587769,-0.6096721887588501,1.331228256225586,1.635434865951538,-1.1324787139892578,-0.745168924331665,0.43046438694000244,0.8485137224197388,-0.3693569302558899,0.06528978049755096,0.09289118647575378,1.041687250137329,0.27141273021698,-0.1769714504480362,0.7942107915878296,-0.6453366279602051,-1.1061502695083618,-0.17378345131874084,-0.651839017868042,0.6702487468719482,-0.36360493302345276,0.6705697178840637,0.3487496078014374,-0.9809726476669312,0.18110519647598267,0.06735742837190628,0.3724060654640198,-0.4690433442592621,-0.39207369089126587,0.5077288150787354,0.28244560956954956,1.058107852935791,-0.541313886642456,-0.31315645575523376,0.4190881550312042,-0.19851377606391907,0.9338008761405945,0.06930537521839142,-0.614843487739563,-1.1082026958465576,0.40378284454345703,0.30823010206222534,-0.19365966320037842,-1.1766328811645508,1.16933012008667,-1.060960054397583,0.5993959307670593,0.02063848078250885,0.3682936728000641,-0.9131761193275452,0.09878505021333694,-0.05775344371795654,-1.4473553895950317,0.3912454843521118,0.27668434381484985,-0.664177656173706,-0.23997463285923004,0.18133020401000977,-0.7235441207885742,0.4924933910369873,-0.9308324456214905,-0.362500935792923,0.15946358442306519,-0.4937407672405243,1.6605168581008911,0.04320119321346283,0.3893369734287262,0.4350297451019287,0.030005306005477905,0.227629154920578,-0.09621479362249374,0.25302445888519287,-1.0860904455184937,0.36195075511932373,-0.18541598320007324,0.6691223382949829,0.43623805046081543,-0.36246928572654724,1.1452733278274536,0.6658377647399902,-0.6649724245071411,-0.06223370134830475,0.4943930208683014,0.7887001037597656,0.0862448513507843,-0.06714168190956116,0.390469491481781,0.8790320158004761,0.41500648856163025,0.7501547336578369,0.3945697546005249,0.6507980227470398,0.9938530325889587,0.3311704993247986,0.17813898622989655,-0.2252936214208603,-0.2120896428823471,-0.2810904383659363,-0.274395614862442,-1.3100745677947998,1.011497974395752,0.04578981176018715,-0.6709679365158081,0.3976942300796509,-0.26661717891693115,0.08657227456569672,-0.2381117194890976,0.1506483554840088,0.0717819482088089,0.4049071967601776,-1.152117133140564,-0.433493435382843,-1.4010567665100098,0.040410108864307404,-0.9355672597885132,-0.23881648480892181,0.1768176257610321,0.8722052574157715,-0.2600304186344147,-0.10553471744060516,0.535519003868103,0.5153960585594177,0.6651464700698853,-0.4618312120437622,-0.6659438610076904,0.2254527360200882,-0.6291734576225281,0.17819373309612274,-0.17278563976287842,-0.4845464825630188,1.1352615356445312,-0.37348800897598267,-0.7115068435668945,-0.7056502103805542,-0.25231122970581055,-0.05857933685183525,0.7061488628387451,-0.8825827836990356,0.24108093976974487,-0.5159003734588623,0.15654867887496948,-0.01807580702006817,-0.6203957200050354,0.45645302534103394,-0.6378204822540283,-0.0900142639875412,-0.5338164567947388,0.6633821725845337,0.3067607879638672,0.033002667129039764,-0.9695810079574585,0.6148570775985718,-0.2128574699163437,-0.28239724040031433,0.16913291811943054,-0.36965155601501465,0.9678623676300049,-0.02341272681951523,0.20071113109588623,-0.1396210491657257,-0.2238551676273346,0.319136381149292,-0.3169427514076233,0.179485484957695,1.1206691265106201,-0.38904261589050293,-0.03896535187959671,-0.6371760368347168,0.39286506175994873,-0.23755735158920288,0.5150750875473022,0.7351435422897339,-0.13656717538833618,-0.4942293167114258,0.01222563348710537,-0.42116543650627136,-1.045633316040039,-0.2031152993440628,-0.629037618637085,0.07230377197265625,-0.26701539754867554,0.33289992809295654,-1.0334229469299316,-0.14098890125751495,0.5024158954620361,0.25346505641937256,0.49192124605178833,0.4904162287712097,0.15076714754104614,-0.4315798282623291,-0.4090113043785095,-1.0629056692123413,0.24860255420207977,0.4845777153968811,-0.23341786861419678,0.37693601846694946,-0.45595094561576843,-0.6694856882095337,0.1835886538028717,0.8903665542602539,1.0491068363189697,-0.25043779611587524,-1.1331056356430054,0.8183024525642395,0.8015996813774109,0.9477308392524719,0.012011036276817322,0.7815321683883667,1.0475964546203613,-1.0647704601287842,0.6912533640861511,-0.4965417981147766,0.31197690963745117,0.026171976700425148,-0.8874994516372681,0.2569471597671509,0.47321829199790955,0.13143229484558105,0.0956534743309021,0.31095877289772034,-0.6217464208602905,-0.07127629965543747,0.5971078276634216,0.021375613287091255,-0.13139666616916656,1.1229560375213623,-0.27327537536621094,-0.5459089279174805,0.5953369736671448,-0.15775294601917267,0.9101947546005249,-0.5051385164260864,-0.16616259515285492,-0.19191017746925354,0.4272215962409973,-0.47889766097068787,1.3313028812408447,0.3955555558204651,-0.6936337947845459,-0.6988498568534851,-0.8320325613021851,0.5631201267242432,0.3374003767967224,0.46631649136543274,-0.24064449965953827,-0.3922206461429596,-0.24216261506080627,-0.22576284408569336,0.5111576318740845,-1.012014627456665,-0.1848941594362259,-0.3256303071975708,-0.2808566689491272,0.22005337476730347,-0.17584887146949768,-0.5622997283935547,-0.3451588451862335,-0.2943904399871826,-0.492367148399353,-0.8201339840888977,-1.45443594455719,-1.046596884727478,0.1044044941663742,-0.06603232771158218,0.5672242641448975,-0.6185665130615234,-0.8840753436088562,0.6235057711601257,-1.0246928930282593,-0.66070157289505,0.7379506230354309,0.5603728294372559,-0.5654758810997009,0.8733144402503967,0.539548933506012,0.006738399155437946,0.0456635057926178,0.5280166268348694,0.2920767068862915,0.9282888770103455,-0.45182424783706665,-1.210566520690918,-0.7599796056747437,0.06529457867145538,0.7634035348892212,0.9228676557540894,-0.7519558668136597,0.7685789465904236,0.49523723125457764,0.3972215950489044,0.2766358554363251,-0.3010050356388092,0.9894932508468628,-0.19875426590442657,-0.3914295434951782,0.24671205878257751,0.29410505294799805,-2.074483633041382,0.5453639626502991,-0.14572469890117645,-0.5788840055465698,0.43371444940567017,0.7825279235839844,0.9154202938079834,0.9153409004211426,0.08495412766933441,-0.03307453542947769,0.7330247163772583,0.7453886866569519,-0.710723876953125,0.06059194356203079,0.3133109211921692,0.6270650625228882,0.8321938514709473,0.7770026922225952,-0.47800880670547485,-0.896523118019104,0.573686957359314,1.0433729887008667,-0.7493729591369629,0.5609537363052368,1.0221443176269531,0.5403133630752563,-0.5235297083854675,0.4103109836578369,0.2009565532207489,0.02676769345998764,0.46668338775634766,-0.043605733662843704,0.5928727984428406,-0.616832971572876,0.6971065402030945,0.26191598176956177,-0.6507775187492371,-0.018069438636302948,0.22785896062850952,-0.29780638217926025,1.5433313846588135,-0.7762912511825562,0.21547695994377136,0.8259245753288269,-0.25233927369117737,-0.9762845635414124,0.12565907835960388,-0.33408600091934204,-0.35460612177848816,0.7031675577163696,0.09370378404855728,0.9648622274398804,-0.46019986271858215,-1.3353931903839111,-1.1557936668395996,0.5998221039772034,0.6864632368087769,0.7305393218994141,-0.09680569916963577,0.3789167106151581,0.21669289469718933,0.006743371486663818,-0.0057653337717056274,-0.1296713501214981,0.5331666469573975,0.042751383036375046,-0.6145322322845459,0.3902798295021057,0.2821376919746399,0.31337615847587585,0.3146299123764038,1.133775234222412,1.4830931425094604,-0.37019485235214233,0.6550340056419373,-0.3936861753463745,0.5936862826347351,0.3971313238143921,0.44481366872787476,-1.1522505283355713,0.02094973623752594,-0.1727675199508667,0.5684993267059326,-1.0524884462356567,-0.9056513905525208,0.8378028869628906,-1.1146619319915771,0.7689246535301208,0.13098743557929993,-0.40069419145584106,0.7767373323440552,0.4975210428237915,-0.5945199728012085,0.8192853331565857,-0.028198346495628357,-1.8586347103118896,0.970257043838501,0.3230822682380676,-0.8636313676834106,0.7582708597183228,-0.6328979134559631,0.484097421169281,-0.6387720704078674,-0.13530898094177246,-0.5709837675094604,-0.8818525075912476,0.9474489688873291,-0.5757012367248535,0.8287836313247681,1.4489721059799194,-0.6514959335327148,0.38931047916412354,-0.3335137367248535,-0.0021593794226646423,0.33164021372795105,0.8495562076568604,-0.5748405456542969,-1.3972972631454468,0.021471459418535233,0.7333859801292419,-0.7375763654708862,0.8701033592224121,-1.0368391275405884,-0.5367020964622498,-0.47026029229164124,-0.14490023255348206,-0.6741148233413696,-0.5680426359176636,-0.7226847410202026,-0.5418832302093506,-0.5684916377067566,0.44734495878219604,-0.2946559190750122,1.6637142896652222,-0.11500782519578934,-1.3963804244995117,0.2972789704799652,-0.4451087415218353,-1.1611511707305908,0.36529403924942017,0.4160943031311035,0.4585655629634857,-1.0919618606567383,-0.7304402589797974,-0.7045885920524597,0.35583704710006714,-0.34746524691581726,0.5702056884765625,1.3220925331115723,-1.670278549194336,-0.1729297637939453,-0.11797384917736053,-0.4199896454811096,0.13678763806819916,0.7334101796150208,-0.9064876437187195,0.747891902923584,-0.29573869705200195,-1.1520452499389648,0.07680495828390121,-0.4283035397529602,0.2050292044878006,0.23206031322479248,-0.48907470703125,-0.909309983253479,0.4579664468765259,-0.8965721130371094,-0.07775911688804626,-0.14301438629627228,-0.5828022956848145,0.29187074303627014,0.40376022458076477,0.29090702533721924,1.3442760705947876,-0.9212019443511963,0.7360852956771851,1.1404346227645874,0.6433680057525635,0.8329278230667114,-0.0206899456679821,0.07937954366207123,0.4569069743156433,0.489149808883667,-0.9482108354568481,-0.8815100193023682,0.21754442155361176,-0.4841510057449341,1.3413292169570923,0.03861492499709129,-0.25171926617622375,0.4928836524486542,1.1435171365737915,0.16953609883785248,0.1584826409816742,-0.10594452917575836,1.1292107105255127,-0.7202567458152771,-1.0920363664627075,-0.32475119829177856,0.027781277894973755,0.9306009411811829,-0.6622353792190552,-0.4595798850059509,-0.3675524592399597,-0.620268702507019,0.21483661234378815,0.49442270398139954,-0.014396995306015015,1.0536024570465088,-0.04532857984304428,0.6694004535675049,0.7572925686836243,-0.47128188610076904,-0.582148551940918,0.7527555227279663,0.17555639147758484,-0.5084879398345947,0.9983093738555908,1.097335696220398,0.7841520309448242,-0.5232531428337097,0.550870418548584,1.2434394359588623,-1.1374506950378418,-0.44303983449935913,-0.6027195453643799,-0.8878687620162964,0.909954309463501,-1.1104469299316406,-0.7134541273117065,-0.44150426983833313,0.494615375995636,0.08978860825300217,-0.08875051140785217,-0.8435536026954651,0.04357274994254112,0.046455949544906616,-0.9616827368736267,-0.16081584990024567,-1.497602105140686,0.07673893868923187,0.5350787043571472,0.8432234525680542,-0.5087515115737915,0.14434733986854553,0.21398001909255981,0.7109853029251099,1.1218066215515137,-0.3595123589038849,0.7053413391113281,0.28077197074890137,-0.07172152400016785,0.29169392585754395,-0.024517271667718887,0.5395402312278748,-0.5678398609161377,-0.7456932067871094,0.19353409111499786,-1.0276374816894531,0.3365052342414856,-0.30699294805526733,-0.2574042081832886,-0.8951113224029541,0.3966633379459381,0.13969513773918152,0.539975643157959,-0.38748469948768616,0.19428040087223053,-0.9007100462913513,0.18078140914440155,0.505104660987854,-0.9347360134124756,0.8372504711151123,0.568447470664978,0.4287223517894745,-0.9654995799064636,0.05169696360826492,0.09605183452367783,0.7431654930114746,-0.29713141918182373,-0.27362072467803955,-0.577359676361084,0.2552834153175354,-0.33134397864341736,0.662063717842102,0.5523003339767456,0.20525693893432617,-1.302185297012329,-0.8044265508651733,-0.475253164768219,-1.1748114824295044,0.9562563896179199,-0.05161142349243164,-0.5196850299835205,-0.492327481508255,-0.40030914545059204,0.20035573840141296,0.5866490006446838,-1.150578260421753,0.286686509847641,0.22194766998291016,0.7338519096374512,0.6166350841522217,-1.4043169021606445,-0.3129269480705261,0.06017393618822098,0.06297673285007477,0.1823665052652359,0.3742016553878784,-0.49079629778862,-0.3558942973613739,0.021298516541719437,1.0612037181854248,-0.04062678664922714,0.5776306390762329,-0.12259410321712494,-0.23568931221961975,-0.1470949351787567,-0.20260582864284515,0.53816819190979,-0.20819604396820068,1.7478686571121216,0.01233038678765297,-0.47858375310897827,0.3893953561782837,0.402376264333725,0.36173197627067566,0.4987276792526245,1.2840429544448853,1.2781883478164673,-0.00617513433098793,0.9413797855377197,-0.08824948966503143,1.0585570335388184,-0.028560996055603027,-0.9048690795898438,-1.0010735988616943,-1.0526078939437866,-0.5200620293617249"," Launched on 16 April 1863 and displacing 
420 tons, it was 45m long with  3.7m beam, tested to 10m depth, armed with a spar torpedo and had a 
complement of 12 crew. This was a much larger vessel than its contemporaries due to 153m3 needed Source: CC BY -SA 4.0  
https://en.wikipedia.org/wiki/Turtle_%28submersible%29#/media/File:Turtle_
model_at_the_Royal_navy_submarine_museum."
data/ThePragmaticProgrammer.pdf,3,"0.0825168713927269,0.7099255919456482,-3.457327127456665,0.07657179981470108,0.8543063402175903,0.23185987770557404,-0.9323846101760864,0.10575960576534271,-1.2099753618240356,-0.5611798167228699,-0.25350648164749146,-0.22363945841789246,1.796235203742981,-0.5077065825462341,0.6760470271110535,-1.1628079414367676,0.5268794298171997,-0.7614529728889465,-0.3090983033180237,-0.32776638865470886,-0.12308787554502487,-0.583821713924408,-0.617827296257019,-0.08386552333831787,0.5081121325492859,0.67706298828125,-0.3966437578201294,-1.2068990468978882,-0.22397947311401367,-0.6781211495399475,0.7646531462669373,-0.9437410235404968,0.30623891949653625,-0.2059372514486313,-0.5437822937965393,-1.2588891983032227,-0.0670894905924797,0.23573264479637146,0.4961489140987396,-0.3253772258758545,0.4568290412425995,-1.0324623584747314,-0.19141779839992523,-0.3691380023956299,1.3141368627548218,0.21301525831222534,0.48979008197784424,-0.29751741886138916,-0.11021480709314346,-0.8913739919662476,1.460848331451416,0.3839002251625061,-1.1650111675262451,-1.2853130102157593,0.24946007132530212,-0.1680685132741928,-0.8678560853004456,-0.3532424569129944,0.17138303816318512,-0.27864348888397217,-0.5479147434234619,0.4455591142177582,0.07693406939506531,1.2584768533706665,0.8871049284934998,-0.5329816937446594,-0.9056376814842224,1.0375131368637085,1.0628160238265991,0.466984361410141,0.2801925837993622,-0.99834805727005,0.10079813748598099,-0.3934512436389923,-0.2894560992717743,0.46463248133659363,-0.44371020793914795,-0.2895365059375763,-0.17797210812568665,-0.2413283735513687,0.9064419269561768,-0.4666951596736908,1.495059609413147,-0.19547228515148163,0.9862601161003113,-0.2823692858219147,-0.35119736194610596,0.08338150382041931,-0.9623237252235413,0.6186820268630981,-0.3379549980163574,0.5105215907096863,0.9674809575080872,1.131485104560852,0.15404081344604492,0.2554037570953369,0.22220325469970703,0.23362986743450165,-0.45981746912002563,0.28301024436950684,0.12397581338882446,-1.0163904428482056,0.1594225913286209,0.1650877147912979,0.9570251107215881,0.19557178020477295,0.9941346049308777,-0.04587031528353691,0.29052960872650146,-0.5430887341499329,-0.24615080654621124,-0.10877043753862381,-0.535237193107605,-1.003014087677002,0.2376871556043625,-0.531842052936554,0.02198673039674759,-0.25662246346473694,0.3275759518146515,-0.06053069606423378,-0.36524778604507446,0.47947803139686584,-0.5501304864883423,0.6871539950370789,0.985123872756958,0.14162322878837585,-1.2434011697769165,0.04629064351320267,0.26340624690055847,-0.5617785453796387,-0.6747278571128845,0.5785452127456665,-0.6347950100898743,-0.4197585880756378,0.5142905712127686,0.8491960167884827,-1.0145546197891235,-1.0740180015563965,0.4450906217098236,0.13834257423877716,-0.05023445934057236,-0.3746486306190491,0.199733167886734,0.6050353050231934,0.5196748375892639,-0.6497394442558289,-0.01300131157040596,-0.5703064203262329,-1.3352774381637573,0.5416025519371033,-0.6818709373474121,-0.06630414724349976,0.3663634955883026,1.4833042621612549,0.636390209197998,-0.7414349913597107,-0.13637059926986694,0.2877609431743622,0.8159407377243042,0.041709139943122864,0.7645456790924072,0.12364065647125244,-0.035384248942136765,1.050153136253357,-0.7548955082893372,-0.20856496691703796,0.4580625593662262,0.34999310970306396,0.7016895413398743,0.7540318965911865,-1.4682931900024414,-0.5186152458190918,0.05212477222084999,0.7898699641227722,0.7602380514144897,-0.4556903541088104,1.7203739881515503,-0.804901123046875,0.09970777481794357,-0.754203200340271,-0.21338050067424774,-0.2582157552242279,0.20454801619052887,0.3463830053806305,-1.0302170515060425,0.5719720125198364,-0.0368209183216095,-0.5388548970222473,-1.0799771547317505,-0.7720983028411865,0.5495612025260925,1.262213110923767,-0.62276691198349,-0.3929644525051117,-0.6732056140899658,-0.36080649495124817,1.5566595792770386,0.3420144319534302,0.3944495916366577,-0.4394650459289551,-0.11125148087739944,0.18262240290641785,0.14355599880218506,0.024391375482082367,-0.6619458794593811,-0.04526009038090706,-0.3964807689189911,0.4009479284286499,0.47400227189064026,0.08372993022203445,1.387442946434021,0.2344992309808731,0.06275180727243423,-0.1064881756901741,0.21017983555793762,-0.2556757926940918,-0.12821786105632782,-0.4207717478275299,0.38186386227607727,0.06369726359844208,0.5754921436309814,0.42346471548080444,0.05316416919231415,0.16162335872650146,0.8887052536010742,-0.3608855605125427,-0.436480313539505,-0.21009236574172974,-0.21912743151187897,-0.12367501854896545,0.2068316787481308,-1.1319408416748047,1.5496704578399658,-0.02204139344394207,-0.04436020180583,0.2053736448287964,-0.17156292498111725,0.370064914226532,0.4936666786670685,0.5944725275039673,0.25043267011642456,0.07239122688770294,-0.4339163303375244,-0.9210246801376343,-1.3274985551834106,-0.5348368287086487,-0.6505267024040222,-0.5554658770561218,-0.21625204384326935,0.7309327721595764,-0.30085229873657227,-0.12073422223329544,0.6373032331466675,0.6411128640174866,-0.23497427999973297,-0.504033088684082,-1.0387834310531616,0.17950905859470367,-0.33010590076446533,0.3570772707462311,0.1916722059249878,-0.41121378540992737,0.1993236541748047,-1.057788372039795,-0.4938712418079376,-0.5827000141143799,-0.6219675540924072,-0.9199077486991882,0.8091909885406494,-1.0502721071243286,-0.04582659900188446,-0.19495920836925507,0.4197942912578583,0.6380136609077454,-0.859626054763794,0.6223850846290588,-0.09130338579416275,-0.42035558819770813,-0.2304372638463974,0.7046158313751221,0.5989190340042114,-0.6257912516593933,-0.6394442915916443,0.11003392189741135,-0.1778012365102768,-0.3932371437549591,0.10369748622179031,0.33234575390815735,0.9140509963035583,-0.18287961184978485,-0.07258353382349014,-0.46355095505714417,0.15451642870903015,0.8420171141624451,0.17526671290397644,0.5581568479537964,1.2016825675964355,-0.6631612777709961,-0.20492686331272125,-1.0741453170776367,0.8934380412101746,0.043871764093637466,0.9249420166015625,0.41353896260261536,-0.17888005077838898,-0.46346646547317505,-0.6518976092338562,0.04396754130721092,-0.6858485341072083,0.543492317199707,-0.6775631308555603,-0.15606524050235748,0.08925914019346237,0.5951208472251892,-1.2364718914031982,0.21970567107200623,0.6743804216384888,-0.41465187072753906,1.019579291343689,0.3015836477279663,0.2945941686630249,-0.7673307061195374,-0.1641998142004013,-0.9631003141403198,1.227588176727295,0.745243489742279,0.21978236734867096,0.3332218527793884,-0.3703959286212921,-0.5194867849349976,-0.3012556731700897,0.7146434187889099,0.8265308141708374,-0.8693841099739075,-1.0114531517028809,0.3564947247505188,0.6650611162185669,0.7467753887176514,-0.22866791486740112,-0.355523020029068,1.2977042198181152,-1.2319352626800537,0.5614407062530518,-0.5736892819404602,-0.5846235752105713,-0.1273149996995926,-0.6451437473297119,0.23250730335712433,-0.01777365431189537,0.8892248868942261,0.599471390247345,-0.1296669840812683,-0.3062370717525482,0.7273705005645752,0.5764337182044983,0.20075488090515137,0.6068077087402344,0.31313592195510864,-0.24537384510040283,0.21659351885318756,0.37191542983055115,0.12804120779037476,0.16300402581691742,0.4043756127357483,0.03427810221910477,-0.4766833782196045,0.05372731760144234,-0.05221525579690933,-0.07742790877819061,-0.46981701254844666,-0.8331632614135742,0.05954299122095108,-1.2459267377853394,0.4560965895652771,0.3235403001308441,-0.3555142879486084,-0.39534831047058105,-0.34844547510147095,-0.4773784577846527,0.412087619304657,0.41624945402145386,-1.002851128578186,0.45731642842292786,-0.030399484559893608,0.7976804971694946,-0.17299097776412964,-0.16851118206977844,0.2138177752494812,-0.09272755682468414,-0.1775115728378296,-0.20467177033424377,-0.7016123533248901,-1.1824251413345337,-0.7288694381713867,0.054817430675029755,0.24696201086044312,0.3899076581001282,-0.35163232684135437,-0.24759645760059357,0.7129026651382446,-0.3222227692604065,-1.121703028678894,0.49046656489372253,0.9013873338699341,-0.6591446995735168,0.588175356388092,0.2530859410762787,-0.3111337423324585,0.03326241299510002,-0.2889760434627533,0.20349928736686707,1.0511189699172974,-0.7081335783004761,-1.2445068359375,-0.22632044553756714,-0.09718997031450272,0.7167154550552368,0.36101165413856506,-0.17429396510124207,0.9513515830039978,0.335552841424942,0.7834006547927856,-0.23371683061122894,-0.26564717292785645,0.39407452940940857,0.5456784963607788,0.12306469678878784,-0.5955575108528137,0.14976640045642853,-1.0493662357330322,0.35987624526023865,-0.1607012301683426,0.44068536162376404,-0.008085171692073345,1.024170994758606,-0.13320009410381317,0.3095167875289917,0.48766419291496277,0.5055835247039795,2.1043620109558105,1.158220648765564,-0.19497384130954742,0.30756163597106934,-0.05662502348423004,0.41677987575531006,1.0418643951416016,0.7145966291427612,-0.2642163932323456,-0.6237314939498901,0.8481548428535461,0.42379438877105713,-0.46421805024147034,0.8223745822906494,0.27085211873054504,0.5571457147598267,-0.40898388624191284,-0.4642191231250763,0.2448025494813919,0.12270528078079224,0.7857483625411987,0.7216595411300659,0.33524438738822937,-0.7719550132751465,0.5530940890312195,0.3780789077281952,-0.002172463107854128,0.08089380711317062,0.3150961697101593,-0.6377436518669128,0.5606436133384705,-0.2714599668979645,0.6059236526489258,0.2304958701133728,-0.7710388898849487,-0.5945203304290771,-0.1317463219165802,-0.4086807072162628,-0.6921347975730896,0.06649468839168549,1.6174594163894653,0.5044069290161133,-0.909141480922699,-1.20191490650177,-0.5240044593811035,0.31022894382476807,0.5609439015388489,0.6739959120750427,-0.11388905346393585,-0.020857829600572586,-0.7280523777008057,0.01201722677797079,0.7663478255271912,-0.10195326805114746,0.19368232786655426,-0.48872628808021545,-0.03842030093073845,-0.1131233349442482,0.2661721110343933,0.5715277194976807,0.4080977141857147,0.39884012937545776,0.5012182593345642,-0.1904584914445877,0.5018211603164673,0.7774121761322021,-0.25457605719566345,0.6488770246505737,0.2862011194229126,-0.6870925426483154,0.8561609983444214,-0.12385721504688263,-0.3482113182544708,-0.8217922449111938,0.015566382557153702,2.0437793731689453,-1.9870154857635498,0.07902120053768158,-0.07633358240127563,-0.6159126162528992,0.09110603481531143,1.4504364728927612,-0.3265329599380493,0.5729836225509644,-0.5458108186721802,-1.7585980892181396,0.6651007533073425,-0.34829339385032654,-0.5045562982559204,1.1694371700286865,-0.6122866272926331,0.2896830141544342,0.17778515815734863,0.0202872883528471,-0.25823524594306946,-0.47240713238716125,-0.05086112394928932,-0.6575209498405457,0.4155903160572052,1.071618676185608,0.666853129863739,-0.27383047342300415,-0.05057583749294281,0.18871192634105682,0.21927416324615479,0.6043187379837036,0.08468838036060333,-0.3156113922595978,0.5878241658210754,0.029470892623066902,-0.7998150587081909,0.5934677720069885,-0.46385830640792847,0.0351564921438694,-0.651398777961731,0.027397088706493378,-0.16756559908390045,0.16916319727897644,-0.21874308586120605,-0.5751869082450867,-0.23693391680717468,0.5972877740859985,-0.245890274643898,1.3195569515228271,0.038223255425691605,-0.3508126437664032,-0.11663058400154114,-0.5374084115028381,-0.0933789610862732,-0.11817294359207153,1.090972900390625,0.8548886179924011,-0.5859169960021973,-0.3882884085178375,-0.6981054544448853,0.1040651798248291,-1.0089613199234009,0.37083980441093445,0.7990343570709229,-1.3467319011688232,-0.22706788778305054,0.010385316796600819,-0.6718212962150574,0.4611312747001648,0.06496747583150864,-0.8672752976417542,0.39879775047302246,-0.8975560665130615,-0.8124731183052063,0.6618093848228455,-0.7574797868728638,0.4096323251724243,-0.08434811234474182,-0.1504586637020111,-1.0613776445388794,0.22413349151611328,-0.3362361788749695,0.3019803464412689,0.29130110144615173,-0.9682635068893433,-0.25670018792152405,0.4272611439228058,0.6055575609207153,0.46061745285987854,-0.7102736830711365,0.018050463870167732,0.9483236074447632,0.6146984696388245,0.3536348342895508,-0.24816356599330902,-0.280602365732193,-0.2457161545753479,0.4523564279079437,-0.9177877902984619,-1.7073849439620972,-0.16222761571407318,-0.6810184717178345,1.1674070358276367,-0.01670345477759838,0.2406722903251648,-0.09910756349563599,0.5899724364280701,-0.6596707105636597,0.5687631368637085,-0.41777125000953674,0.8234294056892395,-0.8520485162734985,-0.8716236352920532,-0.4218906760215759,0.17923057079315186,0.14755690097808838,-0.6516584753990173,-0.5653963088989258,-0.256385862827301,-0.3232281804084778,-0.40385901927948,-0.07773292809724808,-0.17454376816749573,1.0989278554916382,0.8481664061546326,0.7624626755714417,-0.007828166708350182,-0.459279865026474,-0.7323752045631409,0.511941134929657,0.46969538927078247,-0.8582223653793335,1.4044255018234253,0.33939307928085327,0.07185962051153183,-0.22106491029262543,0.3094848096370697,0.8947417140007019,-0.3631833493709564,-0.022381385788321495,-0.10274434834718704,-0.16334307193756104,0.5236467719078064,-1.097399115562439,-0.7148486375808716,-0.3512057960033417,1.3028931617736816,0.5800352096557617,0.263252317905426,0.04838694632053375,0.06754105538129807,0.14598841965198517,-0.8289770483970642,-0.4869626760482788,-0.7144913077354431,0.47758427262306213,0.9043782949447632,0.5876916646957397,-0.43976491689682007,-0.5411902666091919,-0.554055392742157,0.6266915202140808,1.301275610923767,0.47805801033973694,1.3739213943481445,0.33986085653305054,-0.36065611243247986,-0.9823482036590576,-0.0021634900476783514,-0.0029828825499862432,-0.32969772815704346,-0.5833014249801636,0.18449148535728455,-0.38662096858024597,0.09417936950922012,-0.482124000787735,0.015528550371527672,-0.9362749457359314,1.2321412563323975,-0.2808033227920532,0.40324798226356506,0.16701367497444153,-0.19074700772762299,-0.7120407819747925,0.2890419065952301,-0.3091968595981598,-0.3919420838356018,1.3105649948120117,0.8095008730888367,0.7387128472328186,-0.8409768342971802,-0.19657361507415771,-0.12533731758594513,0.03421363979578018,-0.005676101893186569,0.02568136900663376,-0.4192991256713867,-0.04847146198153496,-0.8912574052810669,0.3031459450721741,0.8946998119354248,0.19651591777801514,-1.0364328622817993,-1.0470629930496216,-0.45409998297691345,0.5955885648727417,0.7103519439697266,-0.028618237003684044,-0.3522493541240692,0.015672611072659492,-0.5129038691520691,0.48930442333221436,0.7231066226959229,-1.0396652221679688,0.05842208117246628,-0.32652977108955383,0.19825206696987152,-0.08670701086521149,-0.8241905570030212,0.4043312668800354,0.3055317997932434,-0.2937230169773102,-0.6205517649650574,0.6323192119598389,-0.06156221404671669,-0.6016309261322021,-0.31429123878479004,0.5946394801139832,0.10546931624412537,0.2763221263885498,-0.14026859402656555,-0.6538986563682556,-0.20773035287857056,0.1839444488286972,0.5385915637016296,0.2914951741695404,1.3333152532577515,0.21209855377674103,-0.24730077385902405,0.054045919328927994,0.5696489214897156,-0.31315183639526367,0.17335793375968933,0.9972844123840332,1.7054544687271118,0.2656644284725189,0.8329105377197266,-0.13495582342147827,0.68844074010849,-0.4783671796321869,-0.985514223575592,-1.0918035507202148,-0.49973857402801514,-0.38989681005477905","4 
 for 23 tanks filled with compressed air at 12.5 bar which drove a 60kw compressed air reciprocating 
engine, capable of driving the vessel at 4 knots, with a range of 9km. The submarine carried a small 
lifeboat for the crew to escape in, and the Cachalot , a French naval support ship followed to provide 
replacement compressed air. There were operational stability problems and eventually it was withdrawn 
on 2 February 1872 .  
 
The Spanish  Ictineo II  was built in 1864 by Narcis Monturoi (1819 -1885) , it was a true pioneering example 
of a submarine, and is said to be the first example of a submarine providing a solution to the problems 
of machine powered underwater propulsion . Monturoi realised that conventional steam underwater 
propulsion was not pos sible due to the boiler fires, so he invented an air independent steam engine for 
submerged propulsion, with a coal powered steam engine for surface propulsion. The air independent, 
or chemically powered anaerobic, engine used a chemical reaction to create  both heat for the engine 
and oxygen  for breathing . Although the speeds were slow,  4.5/2.5 knots surfaced/submerged  
underwater mechanical propulsion had been successfully achieved and was not replicated until the 
20th century . Another achievement was remarkable stability  via four ballast tanks symmetrically 
disposed on each side between the outer and inner hulls, flooding to submerge and by pumping air into 
them to surface, supplemented by a moveable weight running along a rail controll ed by the helmsman 
to control the pitch.   
 
The Nordenfelt Class of four submarines were steam powered, designed by Swede Thorsten Nordenfelt 
based on designs by English Reverend George W. Garrett. Following the first unsuccessful Nordenfelt, 
Nordenfelt II  and Nordenfelt III  were built in parts in 1886 for Turkey, respectively by Des Vignes, 
Chertsey and by Vickers, Sheffield, then shipped to Turkey where they were assembled. 30m long and 
displacing 160 tons, steel hulled with twin torpedo tubes and coal -fired steam driven, Nordenfelt II  was 
renamed Abdül Hamid."
data/ThePragmaticProgrammer.pdf,3,"0.2227713167667389,0.9114491939544678,-4.073592662811279,-0.4261510372161865,1.4376074075698853,0.1878243088722229,-0.31581923365592957,-0.0603027306497097,-0.8973163366317749,-0.35561901330947876,-0.30735766887664795,-0.33592140674591064,2.0749459266662598,0.18035387992858887,0.37743401527404785,-0.8101939558982849,0.6043204665184021,-1.273017406463623,-0.3145701289176941,-0.5454972386360168,0.3583303689956665,-0.6491825580596924,-0.6512429714202881,0.11878194659948349,0.49026617407798767,1.094910740852356,-0.5413679480552673,-1.5801291465759277,0.06016537919640541,-0.41399362683296204,0.5166318416595459,-1.459480881690979,-0.20859959721565247,-0.29925352334976196,-0.5901551246643066,-1.062687873840332,-0.09110961854457855,0.6358819007873535,0.6052446365356445,-0.41103386878967285,0.6526113152503967,-0.5581859350204468,-0.771072506904602,-0.6245068311691284,1.4413535594940186,-0.3636763095855713,0.362671822309494,-0.7696637511253357,0.1898476779460907,-0.14382626116275787,0.7821218967437744,0.19855976104736328,-0.35952869057655334,-1.551635503768921,0.11198252439498901,0.021334074437618256,-0.8035151958465576,-0.33770209550857544,0.37789982557296753,-0.3127184510231018,-0.5399312973022461,0.6667935848236084,-0.365054190158844,1.0442087650299072,0.8931843042373657,-0.5504904985427856,-0.8134128451347351,1.0464489459991455,0.8285501003265381,-0.0015406636521220207,0.3596467673778534,-1.2637813091278076,-0.12963251769542694,-0.08470766246318817,0.23515208065509796,0.8765581846237183,-0.2664843201637268,0.2623107433319092,0.18200021982192993,0.13023093342781067,0.9860283732414246,-0.047244589775800705,1.3225107192993164,-0.210452139377594,0.6431442499160767,-0.5244916677474976,-0.1540219485759735,0.24179822206497192,-1.5070288181304932,0.8542378544807434,0.017971504479646683,0.5258473753929138,0.6631730794906616,1.1607012748718262,-0.38101762533187866,0.4446031451225281,0.36593133211135864,0.3339543044567108,0.03220957890152931,0.43081268668174744,-0.12490592896938324,-0.7953005433082581,0.22686757147312164,-0.044077370315790176,1.1075937747955322,0.6457248330116272,1.044682502746582,-0.038353968411684036,0.23083142936229706,-0.49762991070747375,-0.8392504453659058,-0.06488841027021408,-0.617727518081665,-0.7404484748840332,0.035252511501312256,-0.10251092910766602,-0.08680909872055054,-0.11861978471279144,-0.0009742584079504013,-0.2865036725997925,-0.28312304615974426,-0.06157798692584038,-0.5146860480308533,0.6319812536239624,0.25987181067466736,0.20653212070465088,-1.1478655338287354,0.1833205223083496,0.47483158111572266,-0.6045828461647034,-0.8937363624572754,0.20868417620658875,-0.827323317527771,-0.42149198055267334,0.8312470316886902,1.1172637939453125,-0.5168180465698242,-0.7748528718948364,0.23388922214508057,-0.07556193321943283,-0.17116042971611023,-0.7362172603607178,-0.24073433876037598,0.2276417315006256,0.3161265254020691,-0.8058909177780151,0.3285721242427826,-0.4039606750011444,-1.3133022785186768,0.39486420154571533,-0.2615525722503662,-0.3264666199684143,-0.1994629204273224,1.116541862487793,0.1455937772989273,-0.583682656288147,-0.07059341669082642,0.1420871615409851,0.5909004211425781,0.19221846759319305,0.2654014825820923,0.15330705046653748,-0.19217871129512787,0.7030141949653625,-0.45365965366363525,-0.2614973485469818,0.7920020818710327,0.342021107673645,0.5478345155715942,0.2826911211013794,-1.4379100799560547,-0.6367668509483337,0.1378360092639923,0.7270064353942871,0.702197790145874,-0.7307560443878174,1.337406873703003,-1.0328079462051392,0.33627527952194214,-0.7987795472145081,-0.22861884534358978,-0.489749550819397,0.23346620798110962,0.4704359769821167,-1.3665342330932617,0.8516261577606201,0.3747252821922302,-0.8026728630065918,-0.9650704264640808,-0.3971180319786072,0.4240776300430298,1.4309557676315308,-0.5692165493965149,-0.6592442393302917,-0.4923951029777527,-0.09060651063919067,1.346729040145874,0.3583739399909973,0.26401185989379883,-0.20839467644691467,-0.17391718924045563,0.4154130816459656,0.07464789599180222,-0.2180672436952591,-0.6885768175125122,0.4095676839351654,-0.13957884907722473,0.6530303955078125,0.7313815355300903,-0.0927688255906105,1.3082947731018066,0.19586125016212463,-0.7536798119544983,-0.34314197301864624,0.3174484074115753,-0.7063579559326172,0.0005166232585906982,-0.013510797172784805,0.4740656912326813,0.059046726673841476,0.7265363931655884,0.6273078322410583,0.07952384650707245,0.0650290921330452,0.8639580011367798,0.06559263914823532,-0.2495943307876587,-0.33498847484588623,-0.5424144268035889,-0.39364656805992126,-0.13602538406848907,-1.1955153942108154,1.6427972316741943,-0.3377249240875244,-0.41062355041503906,0.650493323802948,-0.2828633487224579,0.1084604263305664,0.8449888229370117,0.6950908899307251,0.0853816568851471,0.2355656921863556,-0.39161601662635803,-0.8057863116264343,-1.3974354267120361,-0.142215296626091,-0.16346901655197144,-0.5210884809494019,-0.3528475761413574,0.6413975358009338,0.2544851005077362,-0.4146052300930023,0.5181108117103577,0.610757052898407,-0.30711984634399414,-0.6463247537612915,-1.0133905410766602,0.31992843747138977,-0.29867804050445557,-0.05606093257665634,0.24511286616325378,-0.6759217977523804,0.47507840394973755,-0.9713159203529358,-1.227218747138977,-0.4611901640892029,-0.5954731702804565,-1.2050925493240356,0.8736967444419861,-0.7592306733131409,-0.359927773475647,-0.2834532558917999,0.9083143472671509,0.7708756923675537,-0.9841135144233704,0.5474888682365417,-0.6926323175430298,-0.48618605732917786,0.04176659509539604,0.7188220024108887,-0.18221840262413025,-0.32900649309158325,-0.17442870140075684,0.004024337977170944,-0.025040211156010628,-0.19527298212051392,0.7968713045120239,-0.06681637465953827,1.3420052528381348,-0.5391985774040222,-0.15157344937324524,-0.4536139667034149,0.8551676273345947,0.37036412954330444,0.28289997577667236,0.8721729516983032,0.9531517028808594,-1.572810411453247,-0.18823206424713135,-1.4481501579284668,1.3402390480041504,0.5562812089920044,1.0008875131607056,0.2677074670791626,-0.2618454396724701,-0.05715765058994293,-0.7247529625892639,0.24324554204940796,-0.3857642412185669,0.2058420479297638,-0.8609670400619507,-0.16925980150699615,-0.2509864866733551,0.2317325621843338,-1.6904727220535278,0.3802720606327057,0.7834503650665283,-0.5387879014015198,1.5147004127502441,0.03704710304737091,-0.4561038017272949,-0.6829869747161865,-0.31675854325294495,-1.0555419921875,1.2764506340026855,0.7246752381324768,-0.15764430165290833,0.20317097008228302,-0.4510149657726288,0.04062105715274811,-0.4445042610168457,0.9726904034614563,0.48424234986305237,-1.0060356855392456,-0.9172643423080444,0.748855471611023,0.8828545808792114,0.5681427121162415,-0.2076009213924408,-0.013299956917762756,1.1364877223968506,-1.694643497467041,0.34266364574432373,-0.8477892875671387,-0.07477988302707672,-0.07480829954147339,-0.7324573993682861,-0.5847251415252686,0.13041573762893677,1.0693681240081787,0.5457639098167419,-0.1060447245836258,-0.5408998727798462,0.5175626873970032,1.0203629732131958,-0.12740927934646606,0.10273723304271698,0.5758177638053894,-0.36275213956832886,0.10856768488883972,0.4173792004585266,0.42419761419296265,0.01060422882437706,-0.3564000129699707,0.40203866362571716,-0.24156156182289124,0.4660419225692749,0.017398616299033165,-0.3159080147743225,-0.1634746491909027,-0.5203590393066406,0.1455797553062439,-1.2710046768188477,0.5692595839500427,0.37535199522972107,0.1628984808921814,-0.7765978574752808,-0.2870296239852905,-0.6545424461364746,0.4970410466194153,0.1758674532175064,-0.8880888223648071,0.7216696739196777,-0.313626229763031,0.2649683952331543,0.07889063656330109,0.3086124360561371,0.4015215039253235,-0.14492157101631165,0.38398653268814087,0.13007235527038574,-0.13898910582065582,-0.8140362501144409,-0.5647000670433044,-0.26675790548324585,0.5309219360351562,0.5506224036216736,-0.5828366279602051,-0.45073121786117554,0.838685154914856,-0.9018062353134155,-0.7567445039749146,0.3353656530380249,0.3731008470058441,-0.5335769653320312,-0.07341587543487549,0.05117248371243477,-0.5176498889923096,-0.2404220700263977,-0.6613215208053589,0.40607813000679016,1.3629300594329834,-0.2620185911655426,-0.7694218754768372,-0.24456077814102173,0.5727652907371521,0.5992900133132935,0.2683563530445099,-0.6710906028747559,0.4698275327682495,0.643200159072876,0.5545907616615295,-0.23202091455459595,-0.49140664935112,0.7812752723693848,-0.18174493312835693,0.09828929603099823,-0.13883191347122192,0.06200902909040451,-0.9164751172065735,0.4991738796234131,-0.697991132736206,0.5569084286689758,0.3036491870880127,0.9663849472999573,-0.2617241144180298,0.6254947781562805,0.06177781522274017,0.716830849647522,2.1171724796295166,1.471691608428955,-0.7142261266708374,-0.38197416067123413,0.3142726421356201,0.45932939648628235,1.4575278759002686,-0.05006221681833267,-0.38953906297683716,0.017598960548639297,1.0823705196380615,0.24724087119102478,-0.46459096670150757,0.9905102252960205,1.1043158769607544,0.7433270215988159,-0.9697545766830444,0.01410600170493126,0.16195745766162872,0.4023258686065674,0.9703907370567322,0.9734476804733276,0.39308297634124756,-0.7174514532089233,0.6386414170265198,0.10498656332492828,-0.49478471279144287,0.33059507608413696,0.18880382180213928,-0.7923126220703125,0.9151413440704346,-0.17115017771720886,0.5830844640731812,0.4391598701477051,-0.8957792520523071,-0.7031967639923096,-0.37989047169685364,-0.44442030787467957,-0.632643461227417,0.46593496203422546,1.0203782320022583,0.5292037725448608,-0.5691803693771362,-1.108543872833252,-0.8691283464431763,0.21957716345787048,0.4242230951786041,0.7352504730224609,-0.47898367047309875,0.12160789966583252,-0.3645538091659546,-0.17794303596019745,0.3009757995605469,0.5498663783073425,0.3397512435913086,-0.6272435188293457,0.023746639490127563,0.13017414510250092,0.43025410175323486,1.097098708152771,-0.0879310667514801,0.6941664218902588,1.12375009059906,0.16735363006591797,0.3879648447036743,0.8889164924621582,0.02665701135993004,0.41671696305274963,-0.08316348493099213,-1.2067828178405762,0.4002280533313751,-0.8621867299079895,-0.3296099901199341,-0.43781787157058716,0.77019202709198,2.0755391120910645,-1.8221068382263184,-0.1404534876346588,0.2897852659225464,-0.5652614831924438,0.3846573233604431,1.3003979921340942,-0.8804764151573181,0.11940205842256546,-0.2922767102718353,-1.7825369834899902,0.7850396633148193,-0.42777764797210693,-1.0951741933822632,1.0379023551940918,-0.036166563630104065,0.4822390079498291,-0.13892467319965363,0.1588277667760849,0.045402806252241135,-0.17065849900245667,-0.32963937520980835,-0.7721652388572693,0.29187625646591187,1.2336888313293457,0.3404598832130432,0.05739809572696686,0.17119058966636658,0.23009462654590607,0.8817108869552612,0.2972691059112549,-0.22715964913368225,-0.6740342974662781,0.14141762256622314,0.06327785551548004,-0.6899104118347168,0.44325193762779236,-0.14964620769023895,-0.04324357584118843,-0.7959968447685242,-0.353898823261261,-0.1639440655708313,-0.3114318251609802,-0.8594526052474976,-0.7809172868728638,-0.3139447569847107,0.7612922191619873,-0.2317586988210678,1.1704826354980469,0.43842262029647827,-0.5268457531929016,-0.0015760567039251328,-0.8558984994888306,-0.3595798909664154,0.054568685591220856,1.1844435930252075,1.0607500076293945,-0.5991284251213074,-0.6238012313842773,-0.5534603595733643,-0.05761227011680603,-0.91193687915802,0.2944415807723999,0.6811133623123169,-1.0177106857299805,-0.7313557267189026,-0.1322581171989441,-0.6534613370895386,0.1707049459218979,0.34644460678100586,-1.0772805213928223,0.1087210401892662,-0.823217511177063,-0.6103891730308533,0.7493722438812256,-0.48318320512771606,-0.00036595389246940613,0.002547934651374817,-0.10430067777633667,-0.8896632790565491,0.08845701813697815,-0.26162225008010864,0.5641048550605774,0.27991989254951477,-1.0788905620574951,-0.34813931584358215,0.47155189514160156,0.6413741111755371,1.0929073095321655,-1.0723923444747925,0.38570910692214966,1.4583228826522827,0.7266837358474731,0.4283064603805542,0.33295053243637085,-0.042501792311668396,0.1863577663898468,0.5763127207756042,-0.8881967663764954,-1.274021029472351,-0.6299730539321899,-0.9799962639808655,1.5505902767181396,-0.524351179599762,-0.24154260754585266,-0.1387084573507309,0.3874410390853882,-0.9432584643363953,0.6479226350784302,-0.26434141397476196,0.9964951872825623,-0.6442441344261169,-0.8012763261795044,-0.031114302575588226,0.1137593686580658,0.27909302711486816,-0.7994760870933533,-0.5296475887298584,-0.4507482051849365,-0.10215464979410172,-0.7331558465957642,-0.019593756645917892,0.310871422290802,0.8333983421325684,0.5676726698875427,0.3151731789112091,-0.20907285809516907,-0.45800673961639404,-0.20497900247573853,0.6018592715263367,0.359993577003479,-0.5929609537124634,0.9843190908432007,0.5958868861198425,0.9449183940887451,0.1749764382839203,0.7061219215393066,0.5767046213150024,-0.25194138288497925,0.14950567483901978,0.10682626068592072,-0.19885548949241638,0.7907952666282654,-0.9487397074699402,-0.3231382369995117,0.06566217541694641,1.050830602645874,0.8086650371551514,0.4235275387763977,-0.229811891913414,0.05729584023356438,-0.36152470111846924,-1.177616834640503,-0.19461745023727417,-0.9789530634880066,0.869348406791687,0.8027011156082153,0.9471889734268188,-0.04148437827825546,-0.10697019845247269,-0.642116904258728,0.6902031898498535,1.0158721208572388,0.38771215081214905,1.3490980863571167,0.16556355357170105,-0.28900158405303955,-1.0605483055114746,0.12307919561862946,-0.05095554143190384,-0.41085559129714966,-0.5851551294326782,-0.11395907402038574,-0.30255430936813354,0.4349327087402344,-0.07277966290712357,-0.2190326750278473,-0.9223698973655701,0.4008316993713379,-0.4012511670589447,0.4434899389743805,0.4138680696487427,0.18911200761795044,-0.7311021685600281,0.528293788433075,-0.24906674027442932,-0.5016979575157166,1.1140904426574707,0.8392055034637451,1.09401273727417,-1.1883924007415771,-0.0981171652674675,-0.05841527879238129,-0.5632704496383667,0.15615570545196533,0.781158983707428,-0.08193312585353851,0.19765552878379822,-0.23327578604221344,0.4971313178539276,1.0033745765686035,0.41624945402145386,-0.9976094365119934,-0.9547569155693054,-0.6077948808670044,0.4172120988368988,0.6749911308288574,-0.3907488286495209,-0.4438721835613251,-0.49119219183921814,-0.5122137069702148,0.4973102807998657,0.9666708707809448,-1.382286548614502,0.09360991418361664,-0.04754738509654999,0.3461979925632477,-0.3216072916984558,-1.3335015773773193,0.34387513995170593,-0.046126894652843475,-0.16340996325016022,-0.5517410635948181,-0.05779827758669853,-0.4497079849243164,-0.6869881749153137,-0.5930584669113159,0.228017196059227,-0.11396092176437378,0.4386621117591858,-0.0829671323299408,-0.20901669561862946,-0.09712748974561691,0.47657328844070435,0.18116410076618195,-0.10895754396915436,1.028952717781067,0.733392596244812,-0.3933197855949402,-0.022171368822455406,0.31360378861427307,0.3328385353088379,0.6219301223754883,0.7204430103302002,1.9346873760223389,0.7299362421035767,0.6751909255981445,-0.4936165511608124,0.9759318828582764,-0.5393987894058228,-0.9240438938140869,-0.94196617603302,-0.28475773334503174,-0.38876956701278687"," Another achievement was remarkable stability  via four ballast tanks symmetrically 
disposed on each side between the outer and inner hulls, flooding to submerge and by pumping air into 
them to surface, supplemented by a moveable weight running along a rail controll ed by the helmsman 
to control the pitch.   
 
The Nordenfelt Class of four submarines were steam powered, designed by Swede Thorsten Nordenfelt 
based on designs by English Reverend George W. Garrett. Following the first unsuccessful Nordenfelt, 
Nordenfelt II  and Nordenfelt III  were built in parts in 1886 for Turkey, respectively by Des Vignes, 
Chertsey and by Vickers, Sheffield, then shipped to Turkey where they were assembled. 30m long and 
displacing 160 tons, steel hulled with twin torpedo tubes and coal -fired steam driven, Nordenfelt II  was 
renamed Abdül Hamid. In trials, it achieved 10 knots, was able to dive for very short intervals and when 
submerged sank an old target ship with a torpedo, a world first .  
 
Gymnote  was the world’s first all -electric submarine  launched at To ulon on 24 September 1888, 
equipped with two torpedo tubes. Built as an experimental design, it did evolve over time with many 
changes in its 10 -year life. Trials with the five -man crew started on 17 November 1888 , displaying th e 
need for continuous adjust ments via its three buoyancy tanks and three hydroplanes proving stability 
was speed critical, requiring the addition of rudders. It displaced 30 tons, was 17.8m long, and included 
a 41kw electrical engine in its single steel hull with detachable lead keel . The internal surfaces were 
painted with bitumen to protect the steel from battery acid spills. Originally, there were 564 alkaline 
cells, using copper oxide and zinc electrodes in potassium hydroxide electrolyte, arranged in six banks 
weighing a total of  11 tons such that they could be connected in different combinations to vary the 
motor output and hence the speed. The motor, 1m diameter weighing 2 tons, was 16 -pole directly 
connected to the propellor."
data/ThePragmaticProgrammer.pdf,3,"0.7472703456878662,1.0686571598052979,-3.2122440338134766,-0.9590129852294922,1.115574836730957,0.012697406113147736,0.06958548724651337,1.404833197593689,-0.5221049785614014,-0.3329004943370819,0.15786851942539215,0.1103120744228363,1.4145922660827637,-0.29415163397789,0.58609539270401,-1.2388906478881836,0.7665346264839172,-1.2984697818756104,0.4984552562236786,0.3004319667816162,0.37896519899368286,-0.9258372187614441,-0.6321719288825989,0.47423055768013,0.7141294479370117,0.5620580911636353,-0.7058960199356079,-1.35634183883667,0.711978554725647,-0.1196708083152771,0.18341746926307678,-1.5862505435943604,-0.32931119203567505,-1.14152991771698,-1.4087421894073486,-0.5910539627075195,-0.6091944575309753,0.6070280075073242,1.3280023336410522,0.13998422026634216,1.4327579736709595,-0.15093620121479034,-0.34696006774902344,-0.8978209495544434,0.9724392294883728,0.1801595687866211,0.9078403115272522,-0.9814326763153076,-0.04516623169183731,0.1266234964132309,0.9389377236366272,0.30794334411621094,-0.6313658356666565,-0.9550315141677856,-0.026317432522773743,-0.1530170738697052,-0.6847106218338013,-0.7361005544662476,0.45277225971221924,-0.13644498586654663,-0.2625496983528137,0.5728498697280884,-0.07648593932390213,1.0397257804870605,0.011310331523418427,-1.0292521715164185,-0.04493575543165207,1.298294186592102,0.09827806055545807,-0.1937432438135147,0.47486376762390137,-0.4638005495071411,0.0062700919806957245,-0.3595976233482361,-0.6386047601699829,-0.10283306241035461,0.21402636170387268,0.08950719982385635,0.015694938600063324,0.26502150297164917,0.32639873027801514,-0.44650131464004517,1.4250832796096802,0.02003517746925354,0.5561479330062866,0.5516374111175537,-0.6370254755020142,0.24881742894649506,-0.4325433373451233,0.5723650455474854,0.4274565577507019,0.4192519783973694,0.6980897784233093,0.5637403726577759,-0.2824544310569763,-0.12688684463500977,-0.14378111064434052,0.49030035734176636,-0.6389310956001282,0.39074936509132385,-0.05133242905139923,-0.9810510873794556,-0.36970943212509155,0.15835481882095337,1.1982824802398682,0.4454811215400696,1.2227243185043335,-0.26928770542144775,0.6564220190048218,-0.2944720983505249,-0.27122682332992554,-0.5541103482246399,-0.4055190086364746,-0.702254056930542,0.13711807131767273,-0.7887560129165649,0.6945117712020874,-0.39750224351882935,0.16603532433509827,-0.3366565704345703,-0.25617486238479614,-0.23962470889091492,-0.6155315637588501,1.0877509117126465,0.5506542921066284,0.20880474150180817,-1.0681215524673462,-0.04561305046081543,0.24077682197093964,-0.3450196385383606,-0.6717439889907837,0.1349596381187439,-0.3436761796474457,-0.3565067648887634,1.074247121810913,0.8757269382476807,-0.9685182571411133,-0.5576108694076538,0.33275139331817627,0.6227901577949524,0.9254128336906433,-0.2519097626209259,-0.2972313165664673,0.5426145792007446,0.44509148597717285,-0.5914344787597656,-0.1980472207069397,-0.8846955299377441,-0.6466898918151855,0.02989839017391205,0.4533219337463379,-0.24470524489879608,0.16583842039108276,0.3566802740097046,0.15737202763557434,-1.0269423723220825,0.6367818117141724,0.32901084423065186,0.677068293094635,-0.4431104063987732,0.4900907874107361,-0.11205106973648071,-0.15142036974430084,0.8576933145523071,-0.9717909693717957,-0.2028699815273285,0.11428329348564148,0.8259372711181641,1.246062994003296,0.8273609280586243,-0.8111487627029419,-1.1216397285461426,0.35360413789749146,0.31280583143234253,0.3677535653114319,-0.8151078224182129,1.2570290565490723,-0.9276021122932434,-0.02900739759206772,-0.36766958236694336,0.14783969521522522,-0.605862021446228,0.5757087469100952,0.7179331183433533,-0.5763888359069824,0.25008153915405273,0.29990828037261963,-0.7958678603172302,-1.076356053352356,-0.013974329456686974,0.20726945996284485,1.2038180828094482,-0.801560640335083,-0.6510443687438965,-0.4839760661125183,-0.7560071349143982,1.0101886987686157,0.41246479749679565,0.37066060304641724,-0.3927477300167084,-0.21461792290210724,-0.18886488676071167,-0.10392964631319046,0.26114460825920105,-0.5653657913208008,0.18080350756645203,-0.18843060731887817,0.6263212561607361,-0.0039126574993133545,-0.34264957904815674,1.3782668113708496,0.12649190425872803,-0.5001375079154968,0.10332542657852173,-0.23767246305942535,-0.464849591255188,-0.7125705480575562,0.262873113155365,0.6026901602745056,0.11388196796178818,0.05924315005540848,0.2200922667980194,0.5761198997497559,0.2970925271511078,1.4194002151489258,0.28914308547973633,-0.01303546130657196,-0.5131464600563049,-0.23135453462600708,-0.4595906734466553,0.8518664836883545,-1.2024540901184082,1.069111704826355,-0.5759119987487793,-0.7732208967208862,0.40432482957839966,-0.0375995971262455,-0.5946682691574097,-0.0750335305929184,-0.034293465316295624,0.4314766526222229,0.5103707313537598,0.029648486524820328,-1.3421366214752197,-1.0610395669937134,-0.3528962731361389,-0.4629250168800354,0.278972864151001,0.799176037311554,1.1026268005371094,0.258813738822937,-0.5799773931503296,0.8001123666763306,0.7612307071685791,0.2902529239654541,-0.13325229287147522,-0.7198892831802368,0.40573200583457947,-0.3297590911388397,0.46280819177627563,-0.012155801057815552,-0.3673388361930847,0.7955067157745361,-0.6802010536193848,-1.02177894115448,-0.6859118938446045,-0.6750446557998657,-0.5581513047218323,1.1807376146316528,-1.0767037868499756,0.11782263964414597,-0.19466908276081085,0.7318422794342041,0.5101355314254761,-0.3793655335903168,-0.34478265047073364,-0.6301225423812866,-1.406829833984375,-0.3071936368942261,0.8247042298316956,-0.13153502345085144,-0.5222808122634888,-0.9996264576911926,0.32549750804901123,-0.3910142183303833,-0.5918300151824951,0.41887104511260986,0.03804130479693413,0.14115777611732483,0.02559654787182808,-0.8740985989570618,-0.15679869055747986,0.4748605787754059,-0.2346891462802887,-0.0638352632522583,0.7474163770675659,0.9967544078826904,-0.3268338441848755,-0.02618035115301609,-1.1133137941360474,1.0742740631103516,0.29317471385002136,0.13017848134040833,0.4607658386230469,-0.0618831031024456,0.006950143724679947,-0.31048956513404846,0.1792033314704895,-0.11342594027519226,-0.16945068538188934,-0.26680630445480347,0.19484642148017883,-0.009869065135717392,0.22625377774238586,-1.3764190673828125,0.5129897594451904,0.7095717191696167,-0.20813104510307312,0.8247830271720886,0.13102206587791443,-0.06496496498584747,-0.2963908910751343,-0.003746403381228447,-0.8510448932647705,0.7469289898872375,0.8947101831436157,-0.17139236629009247,0.651477575302124,0.05544506758451462,0.30054572224617004,-1.001330852508545,0.4684661030769348,0.29802390933036804,-0.5637279748916626,-0.946121096611023,1.1679385900497437,0.5534346103668213,0.4207858145236969,-0.10512343794107437,0.22754745185375214,1.2712256908416748,-0.8165909051895142,0.1612069010734558,-1.121323823928833,-0.04096604883670807,-0.21392445266246796,-0.9568303823471069,0.2900227904319763,-0.15713432431221008,0.12872011959552765,0.6104202270507812,-0.5229253768920898,-0.4559275805950165,-0.024934232234954834,0.6554883122444153,0.029359430074691772,-0.11487854272127151,0.6473479270935059,-0.512127161026001,0.20769986510276794,0.334951788187027,0.3034277558326721,0.6287673711776733,-0.7843671441078186,0.4122571349143982,-0.20805910229682922,-0.11926152557134628,0.31119272112846375,-0.018279563635587692,-0.3281439542770386,-0.5460842847824097,-0.14577306807041168,-0.49220573902130127,0.7658517956733704,0.4271913766860962,-0.02188575267791748,-0.25339287519454956,0.027355656027793884,-0.7218999266624451,0.5425269603729248,0.9365497827529907,0.0584641732275486,0.18110015988349915,0.16173100471496582,0.15735171735286713,-0.2284492552280426,-0.3979354202747345,0.3637159466743469,-0.25547510385513306,0.5654423236846924,-0.6589770317077637,-0.5801619291305542,-0.8119649887084961,-0.5394807457923889,0.04582316428422928,-0.2338024377822876,0.30678901076316833,-0.589713454246521,-0.3037475347518921,0.18376952409744263,-1.4096877574920654,-0.343046098947525,0.6945605278015137,0.602977991104126,0.2667089104652405,0.28663381934165955,0.7369774580001831,-0.6138156652450562,0.30999916791915894,-0.03191504254937172,-0.5720384120941162,1.3301841020584106,-0.5968767404556274,-1.142848253250122,-0.9916055202484131,0.8124476671218872,1.2445673942565918,1.2671427726745605,0.13776110112667084,0.09966939687728882,0.6442327499389648,0.84474778175354,-0.026984769850969315,-0.12538233399391174,0.02744390070438385,-0.332790732383728,-0.27203047275543213,-0.5167307257652283,0.0624161995947361,-1.400557518005371,0.27476802468299866,-0.048193514347076416,-1.0029124021530151,0.3153022229671478,0.21402040123939514,0.6641537547111511,0.3037412762641907,0.4591365158557892,0.9899373650550842,1.6059110164642334,1.316978931427002,-1.206735610961914,0.48491477966308594,0.10174037516117096,0.48627352714538574,0.5377261638641357,0.8418964147567749,-0.8494381904602051,-0.7869654297828674,0.5134689807891846,0.32225871086120605,-0.28707510232925415,0.05633948743343353,1.0479483604431152,0.4751105308532715,-0.3450795114040375,0.38351649045944214,-0.14133983850479126,0.727115273475647,0.7140311002731323,0.25439614057540894,-0.10897289961576462,-0.5266360640525818,1.0338921546936035,0.5825157165527344,-0.5096986889839172,-0.122298963367939,-0.07925905287265778,-0.6295142769813538,1.180029273033142,-0.7060717344284058,0.06131277233362198,-0.028317876160144806,-0.7821118831634521,-0.6317241787910461,0.05685628578066826,-0.5763261318206787,-0.33849072456359863,-0.6034966111183167,0.9279617071151733,0.3612939119338989,-0.5760353803634644,-1.369417428970337,-1.2585599422454834,0.1439724862575531,0.9402843713760376,0.0637199878692627,-0.1060362458229065,-0.039415497332811356,0.01773955300450325,0.13328923285007477,0.6812430620193481,-0.22671633958816528,-0.44747036695480347,-0.02558027021586895,0.21749985218048096,-0.9217971563339233,0.409908652305603,0.5383954644203186,0.545947790145874,1.4360854625701904,0.7185987234115601,-0.2264804095029831,0.45759087800979614,0.35256507992744446,-0.21653953194618225,0.25275084376335144,-0.1566932648420334,-0.8237193822860718,0.35361582040786743,-0.4962695240974426,0.33022382855415344,-0.759708046913147,-0.4571182131767273,1.6978851556777954,-1.746909260749817,0.03524932265281677,0.6104950308799744,-0.4957723617553711,0.3053538203239441,0.8560174703598022,-0.76212477684021,0.3457687497138977,-0.38369330763816833,-2.065155506134033,0.5069481134414673,-0.3277498185634613,-1.0724947452545166,0.1854940950870514,0.025395942851901054,1.0131738185882568,-0.2955126166343689,-0.2676089107990265,-0.12299142777919769,-0.761138916015625,0.15618565678596497,-0.05666809529066086,-0.08002060651779175,1.1723065376281738,-0.1286633014678955,0.32674694061279297,-0.06347973644733429,-0.4321447014808655,0.40217241644859314,-0.16403639316558838,-0.1465180367231369,0.11674842983484268,0.058220963925123215,0.06473968178033829,-0.6086269617080688,0.5166678428649902,-0.43092024326324463,0.1227644830942154,-0.37944620847702026,-0.15539029240608215,0.16863341629505157,-0.905687153339386,-0.7586116790771484,-0.15377572178840637,-0.25813695788383484,-0.2682419419288635,0.26060521602630615,0.849238395690918,0.430359423160553,0.21430733799934387,-0.15392079949378967,-0.5206596255302429,0.1938386857509613,0.4886016249656677,0.4572893977165222,0.9461910128593445,-0.8694126605987549,-0.5776588916778564,-0.26546722650527954,0.4601132273674011,-0.3860902786254883,0.3394927978515625,1.2328770160675049,-1.3380722999572754,-0.37700319290161133,-0.5910160541534424,-0.691657304763794,0.2733485698699951,0.6717579960823059,-1.0760349035263062,-0.4218175411224365,-0.5013085007667542,-0.9461253881454468,0.9506826400756836,-0.7557552456855774,0.7184118032455444,0.7120130062103271,0.29809707403182983,-0.8289532661437988,-0.01712045446038246,-0.5919254422187805,-0.2157367765903473,0.7824137210845947,-0.3566039800643921,-0.6872906684875488,0.06221799552440643,0.29125410318374634,0.8421748876571655,-0.5229798555374146,0.4272371232509613,0.5019838809967041,0.6034607887268066,0.5526058673858643,0.03511446341872215,-0.11831927299499512,0.7216194272041321,0.5508354902267456,-0.8444182276725769,-1.0212855339050293,-0.572769284248352,-0.5166032910346985,0.7909889221191406,-0.18939578533172607,-0.272219181060791,-0.16288822889328003,0.018445655703544617,-0.7618631720542908,0.2488073706626892,-0.32807961106300354,0.6702917814254761,-0.39750003814697266,-0.49393171072006226,-0.30720773339271545,0.43932968378067017,0.5777803659439087,-0.5875967741012573,-0.7107259035110474,-0.1663205623626709,-0.7548104524612427,-0.4313637316226959,0.3085362911224365,-0.20129987597465515,1.4563970565795898,0.7059207558631897,0.23559847474098206,0.5350855588912964,-0.7586427927017212,-0.8254119753837585,0.834064781665802,-0.5693162679672241,-0.49324649572372437,0.7848809957504272,0.8898015022277832,1.0653609037399292,-0.16817450523376465,1.2360143661499023,1.0721046924591064,-0.44257450103759766,-0.2338988035917282,-0.7747800350189209,-0.5380944013595581,0.7889785766601562,-0.5686146020889282,-0.6602299213409424,-0.10697655379772186,0.48511794209480286,-0.4414992332458496,-0.4190922677516937,-0.32224157452583313,0.3139328360557556,0.5800594687461853,-0.4120188355445862,-0.5808390974998474,-1.2754731178283691,0.7704532742500305,0.62005615234375,0.4754919707775116,-0.29933226108551025,0.24300715327262878,-0.4351087212562561,0.7637820243835449,1.0780154466629028,-0.08283030986785889,0.8872497081756592,-0.3063241243362427,0.15588520467281342,-0.27270859479904175,0.1329832673072815,0.26667070388793945,0.035767409950494766,-1.331174373626709,0.02263246476650238,0.48553934693336487,0.6901700496673584,-0.28457292914390564,0.15690356492996216,-0.25920969247817993,1.0669796466827393,-0.7423896193504333,0.5114490985870361,-0.11707980930805206,0.16618593037128448,-0.4482993483543396,0.14143416285514832,0.3277026116847992,-0.03463616967201233,0.9998845458030701,0.522779107093811,0.21611177921295166,-1.2744286060333252,-0.0591113418340683,-0.27902674674987793,-0.14263984560966492,0.015882086008787155,0.25744593143463135,0.3424474895000458,0.08074107766151428,0.0453130342066288,0.5213381052017212,0.7088090181350708,0.5148031711578369,-0.1982165277004242,-0.8228654861450195,-0.8335998058319092,0.3385923504829407,1.0499547719955444,-0.10431869328022003,-0.15029236674308777,-0.34322646260261536,0.014762509614229202,0.6188555955886841,1.4758172035217285,-0.4905621409416199,0.12468396872282028,-0.646575391292572,0.7020199298858643,0.0342695452272892,-1.7496792078018188,-0.21691304445266724,-0.08787328004837036,-0.728643000125885,-0.6634895205497742,-0.017798831686377525,-0.5295825004577637,-0.3412861227989197,-0.5275534391403198,0.00943150743842125,-0.6329671740531921,0.6070103645324707,0.1484120488166809,0.15302243828773499,-0.28373056650161743,0.40065997838974,0.22033491730690002,-0.0788261666893959,1.3410162925720215,0.02088463306427002,0.04148381948471069,-0.182087242603302,0.332683801651001,-0.04583859071135521,0.6325831413269043,0.5747107267379761,0.9749903082847595,0.5313958525657654,0.2800297737121582,-0.1657361537218094,1.09537672996521,-0.5789756178855896,-0.9519314765930176,-1.4710358381271362,-0.8367688655853271,-0.6015655398368835"," It displaced 30 tons, was 17.8m long, and included 
a 41kw electrical engine in its single steel hull with detachable lead keel . The internal surfaces were 
painted with bitumen to protect the steel from battery acid spills. Originally, there were 564 alkaline 
cells, using copper oxide and zinc electrodes in potassium hydroxide electrolyte, arranged in six banks 
weighing a total of  11 tons such that they could be connected in different combinations to vary the 
motor output and hence the speed. The motor, 1m diameter weighing 2 tons, was 16 -pole directly 
connected to the propellor. Typically, range was 75 miles at 5 knots surfaced an d 29 miles at 4.3 knots 
submerged. Damaged when running aground on 5 March 1907, the vessel was scrapped."
data/ThePragmaticProgrammer.pdf,4,"-0.7048885822296143,0.4738004207611084,-3.3841347694396973,-1.4692789316177368,0.6355795860290527,0.8362081050872803,-0.4061938524246216,-0.0065088942646980286,0.07843425869941711,-0.18609943985939026,-0.7909015417098999,-0.11050237715244293,1.451353907585144,0.001168062910437584,0.6612213253974915,-1.7111108303070068,-0.07536335289478302,-1.5500425100326538,-0.19727107882499695,-0.4936462938785553,0.10366726666688919,-1.6182706356048584,-0.7045149207115173,0.9189580678939819,1.0851263999938965,0.9090912342071533,-0.6862127184867859,-1.1177406311035156,1.0399105548858643,-0.15643519163131714,1.0024912357330322,-0.9142342805862427,-0.3355911672115326,0.01406119018793106,-0.1805429756641388,-1.0524578094482422,-0.139628604054451,0.9374465346336365,0.6625802516937256,0.20782002806663513,0.7515864372253418,0.032933272421360016,-0.612415075302124,-0.4826597273349762,1.4658584594726562,-0.3474244177341461,0.6982052326202393,-0.9988112449645996,-0.21094158291816711,-0.3628411591053009,1.1338374614715576,0.2888387441635132,-1.2159171104431152,-1.900193214416504,0.24768409132957458,-0.11171779036521912,-1.0596891641616821,-0.4288013279438019,0.679588258266449,0.25462496280670166,0.09312380850315094,0.7867034673690796,-0.49982038140296936,1.0250849723815918,0.5907440781593323,-0.042858242988586426,-0.7603977918624878,1.110870361328125,0.5034381747245789,0.17741546034812927,0.46910515427589417,-0.83531254529953,-0.11779434978961945,-0.301016241312027,-0.6250473260879517,0.6111668944358826,-0.15568625926971436,0.5457077622413635,-0.4940015375614166,0.07448938488960266,0.9365194439888,-0.9084838628768921,0.5561559200286865,0.12506994605064392,0.36478084325790405,-0.2952501177787781,-0.562518835067749,0.16968736052513123,-0.684377908706665,0.4329875409603119,-0.3515709638595581,0.723402738571167,0.7502543926239014,1.559126377105713,-0.3560349643230438,0.02133181318640709,0.34087175130844116,-0.18637296557426453,-0.3579673767089844,0.6944977045059204,-0.34926968812942505,-0.6006518602371216,0.1604776531457901,0.32908934354782104,1.184224247932434,1.0703234672546387,0.28317326307296753,-0.4785723090171814,-0.24045033752918243,-0.3317801356315613,-0.20397314429283142,0.04522924870252609,-1.0497267246246338,-1.1680630445480347,-0.2025195211172104,-0.2008923888206482,-0.1139148697257042,-0.6642301678657532,0.6529845595359802,0.15960609912872314,-0.632548987865448,-0.07619910687208176,-0.4491419792175293,0.9157446622848511,0.7157737016677856,0.23520052433013916,-1.3200335502624512,0.1254197061061859,-0.13460920751094818,-0.0010544024407863617,0.14815101027488708,0.5207440257072449,-0.7879106998443604,-0.1898476481437683,1.1393425464630127,0.9529885053634644,-1.3615772724151611,-1.2396719455718994,0.7822647094726562,0.3310181796550751,0.10606101155281067,-0.7689091563224792,-0.03652097284793854,0.5341193675994873,0.15518851578235626,-0.8710678219795227,0.1535015106201172,-0.575792133808136,-1.672680377960205,-0.05585823208093643,-0.2691536843776703,0.5500949025154114,0.31257152557373047,1.476515531539917,-0.03866089507937431,-0.687515914440155,-0.10202313959598541,-0.2846812307834625,0.6644066572189331,0.155603289604187,0.31758344173431396,-0.21320867538452148,-0.6752911806106567,1.457356572151184,-0.4223313331604004,-0.023730315268039703,0.4994637370109558,0.09416171908378601,0.5092023015022278,0.2478885054588318,-1.2018204927444458,-0.6757640242576599,0.06860339641571045,0.6473979949951172,0.49076563119888306,-1.6858181953430176,1.475048303604126,-0.6048542261123657,0.29474517703056335,-0.7528092861175537,-0.05245842784643173,-0.18284741044044495,-0.3755662441253662,0.9088315963745117,-1.0110121965408325,0.38178759813308716,-0.4140366017818451,-1.7405939102172852,-0.6375086307525635,-0.7432827949523926,0.4575290083885193,0.9253761768341064,-0.987425684928894,-0.9186068773269653,-1.094481110572815,-0.5098723769187927,0.884405791759491,0.18397483229637146,0.22783401608467102,-0.0010380716994404793,-0.7517305612564087,0.40205588936805725,-0.46919164061546326,0.37752610445022583,-0.08343381434679031,0.9434257745742798,-0.1120808869600296,0.4658723473548889,0.6003828644752502,0.029648199677467346,1.4785447120666504,0.4242013096809387,-0.45882469415664673,-0.6423265933990479,-0.06240961700677872,-0.022988995537161827,-0.2208814024925232,-0.16223597526550293,0.41553306579589844,0.1642289161682129,0.9204022884368896,0.3537638485431671,0.1193745955824852,0.7014783024787903,0.21348682045936584,0.5461868643760681,0.06579473614692688,0.368429958820343,-0.17205114662647247,-0.44862425327301025,0.1532544195652008,-1.3442111015319824,1.0709443092346191,-0.11613930016756058,-0.2221628576517105,0.6995973587036133,-0.20541442930698395,0.2627275884151459,0.5324001312255859,0.7207645177841187,-0.24993504583835602,0.5923032164573669,-1.4051802158355713,-0.14916880428791046,-0.5515981316566467,-0.5029441118240356,-0.6762235164642334,0.22905850410461426,0.03850690647959709,1.1758360862731934,-0.3278653621673584,0.4009155035018921,0.6286444664001465,1.029146432876587,0.6258947849273682,-0.6080651879310608,-0.37411168217658997,0.2631673812866211,-0.5116351842880249,0.5947227478027344,-0.16890522837638855,-0.8108253479003906,0.1449342668056488,-1.1097095012664795,-1.046762228012085,-0.8535023927688599,-0.7505601644515991,-0.8606675863265991,0.7822402119636536,-0.7575165033340454,0.4122164249420166,0.39454686641693115,0.557664155960083,0.6912171840667725,-0.7561909556388855,-0.026799222454428673,0.20578141510486603,-0.6078794002532959,-0.46120211482048035,0.43444395065307617,-1.203514575958252,-0.38637858629226685,-0.4733562171459198,0.25193145871162415,0.5240720510482788,-0.14185121655464172,0.5476757287979126,0.8637142777442932,1.150482416152954,-0.11490924656391144,-0.3178165555000305,-0.6133650541305542,-0.2842576205730438,0.2953743040561676,0.6758567094802856,0.6006649136543274,0.5908173322677612,-0.8147351145744324,0.37128692865371704,-1.026857614517212,0.06330930441617966,-0.3406495749950409,1.0941860675811768,0.5549547672271729,0.008214769884943962,-0.4423116445541382,0.39504820108413696,0.2198961079120636,-0.6350944638252258,0.033010974526405334,-1.1072747707366943,-0.3485860824584961,-0.12299270927906036,-0.313395619392395,-1.4905920028686523,0.8336352705955505,0.925899863243103,-0.21743477880954742,0.9260281920433044,-0.2875681519508362,-0.8707224130630493,-0.5310797095298767,0.015657814219594002,-1.5358715057373047,0.565207302570343,0.7780284881591797,-0.002608158625662327,-0.4616048336029053,-0.722752571105957,-0.1981734037399292,-0.09478868544101715,0.8063837885856628,0.07903674244880676,-1.0651473999023438,-0.745349109172821,0.8901839256286621,0.8819842338562012,1.2774889469146729,-0.9659868478775024,0.8524681329727173,1.1216470003128052,-1.398167610168457,0.33946844935417175,-0.5150878429412842,-0.43871307373046875,-0.19795013964176178,-0.668820858001709,0.41028428077697754,0.019988518208265305,0.6909356117248535,0.22652143239974976,0.42005062103271484,-0.580315351486206,0.34363579750061035,0.3398449420928955,-0.06494682282209396,-0.2825316786766052,1.2249599695205688,-0.17540693283081055,0.1490573137998581,0.04594697058200836,0.32266584038734436,-0.23488380014896393,-0.4305713474750519,0.14304789900779724,-0.6640293598175049,0.15066742897033691,-0.10788251459598541,-0.17587925493717194,-0.4022822082042694,-1.4292340278625488,0.4012080430984497,0.1132405698299408,0.15374600887298584,-0.1688118278980255,-0.18110360205173492,-0.3928232789039612,-0.1472766399383545,-0.96373450756073,0.001730034127831459,0.3460646867752075,-0.8910959362983704,0.005125038325786591,0.9000499248504639,0.19021454453468323,0.2072872668504715,-0.13003087043762207,0.17532867193222046,-0.030995268374681473,-0.061825841665267944,-0.48627662658691406,-0.7486293315887451,-1.1654162406921387,-1.1727101802825928,0.4397761821746826,0.5456171035766602,0.13866347074508667,-0.5489171743392944,-0.26684024930000305,0.6955909132957458,-1.5351916551589966,-1.1033694744110107,-0.08509815484285355,0.6886625289916992,-0.47377586364746094,0.4831777811050415,0.27640339732170105,-0.513217568397522,-0.0518101342022419,-0.45588067173957825,0.2960229516029358,1.1656739711761475,0.31658169627189636,-0.9932565689086914,-0.9499111175537109,0.14018765091896057,0.5788266062736511,0.38796722888946533,-0.6594916582107544,0.7549171447753906,-0.11053979396820068,1.2922027111053467,0.16856594383716583,-0.3074089288711548,-0.37398552894592285,-0.09354236721992493,0.2545756697654724,-0.15694977343082428,-0.2496601939201355,-1.628722906112671,0.453171044588089,0.3140082359313965,-0.20091170072555542,-0.08870676159858704,0.4238845109939575,0.2256658971309662,0.30916357040405273,0.5451166033744812,1.04026198387146,1.6284247636795044,1.0265531539916992,-0.07601357996463776,0.23709748685359955,0.4661274254322052,1.0266406536102295,0.8165836334228516,0.5454528331756592,0.1921602487564087,0.04278036579489708,0.726775586605072,-0.4798293113708496,-0.26680582761764526,0.6543222069740295,0.39916542172431946,1.145630121231079,-0.5826199054718018,-0.4297173023223877,-0.21612223982810974,0.051506612449884415,0.5733965039253235,0.6377391815185547,-0.5084891319274902,-1.176013469696045,0.7649585008621216,0.6907234191894531,-0.20210498571395874,-0.2718380391597748,-0.3361649811267853,-0.5009958744049072,1.3195557594299316,-0.28890669345855713,0.8474001884460449,0.01054256223142147,-0.2730167806148529,-1.1082525253295898,0.6234636306762695,0.13148316740989685,-0.6804484128952026,0.11542036384344101,1.2137900590896606,0.5050240159034729,-0.3282480537891388,-1.1905829906463623,-0.3848048746585846,0.5580391883850098,1.1745567321777344,0.2818892002105713,-0.472237765789032,0.21552503108978271,-0.4573017954826355,0.01161649078130722,-0.06673388928174973,-0.2028554379940033,0.3912339210510254,-0.2993360757827759,-0.14044460654258728,-0.27658337354660034,0.6729542016983032,0.988041877746582,0.6056295037269592,0.7039874792098999,0.179366797208786,-0.0004936757031828165,0.4986433684825897,-0.07702679932117462,-0.3830084204673767,0.7977901101112366,0.007986366748809814,-0.9388530850410461,0.03240586817264557,0.2869865596294403,0.2038017064332962,-0.4723396301269531,-0.12303660809993744,2.006394147872925,-0.7980073094367981,-0.24024708569049835,0.07934175431728363,-0.5644140839576721,0.5839735269546509,0.6161961555480957,-0.0981677696108818,0.10062937438488007,-0.34650957584381104,-1.742261290550232,0.41918817162513733,0.6314738988876343,-0.6607372760772705,-0.008019613102078438,0.01197730004787445,0.1324370801448822,0.17003902792930603,-0.6070243120193481,-0.21766731142997742,-0.3291149139404297,-0.2244749218225479,-1.3145320415496826,-0.26256030797958374,1.2376402616500854,0.26201891899108887,0.2577987015247345,-0.11745122820138931,-0.2827327251434326,0.3887789845466614,0.6683448553085327,0.3335607349872589,-0.9189321994781494,0.867336630821228,0.10769630968570709,-0.6697695851325989,0.5905418395996094,-0.9146495461463928,-0.38763099908828735,-0.3376941382884979,-0.326450377702713,-0.49474769830703735,-0.48277533054351807,-0.43278464674949646,-0.576038122177124,-0.0687151551246643,-0.005289463326334953,-0.3161618411540985,0.6812862753868103,0.7507633566856384,-0.40822672843933105,0.1838470995426178,-0.7519372701644897,-0.46508756279945374,0.5532496571540833,0.9449151158332825,0.4881075620651245,-1.1305298805236816,-0.7026290893554688,-0.5380755066871643,0.4577542543411255,-0.9625003337860107,0.1885109543800354,-0.015035375952720642,-1.1915644407272339,-0.13940545916557312,0.06059691309928894,-0.6643530130386353,0.2809564769268036,1.235785961151123,-0.8273207545280457,0.31503021717071533,-0.5693677663803101,-0.09728728234767914,0.6122289299964905,-1.1713628768920898,0.24383866786956787,-0.07328598946332932,0.5916124582290649,-0.9921951293945312,0.15855377912521362,-0.6252602934837341,-0.21440044045448303,-0.1351858675479889,-0.533632218837738,-0.40379852056503296,0.76820969581604,0.3399403393268585,0.9784475564956665,-1.0508713722229004,-0.3286685049533844,1.2893061637878418,0.8212940096855164,1.0525000095367432,0.6838144659996033,-0.452974796295166,-0.1035798192024231,0.17343276739120483,-0.40491318702697754,-0.9760796427726746,-0.17047938704490662,-0.5056524276733398,1.582585096359253,-0.35296761989593506,-0.07667374610900879,-0.18660321831703186,0.5191349387168884,-0.6745393872261047,0.34981027245521545,-0.31858816742897034,1.4589729309082031,-0.38790634274482727,-0.8388394117355347,-0.7104450464248657,-0.39876508712768555,0.9285275936126709,-0.6915771961212158,-0.5213566422462463,0.4255099892616272,-0.23015376925468445,0.09166494756937027,0.17508766055107117,-0.5955184102058411,0.7098320126533508,0.352682888507843,1.2696012258529663,0.6579611897468567,0.20071914792060852,-0.08526825159788132,1.0381965637207031,-0.10762244462966919,-0.4998890459537506,1.7413592338562012,0.6901640295982361,0.12207003682851791,0.027187243103981018,1.1684798002243042,0.13580501079559326,-0.5721132755279541,-0.048371389508247375,0.9353142976760864,0.3183448910713196,1.050809383392334,-0.4426683187484741,-0.430076003074646,0.27428239583969116,0.9901497960090637,0.6101551651954651,0.21890676021575928,-0.2248917520046234,0.2947767972946167,-0.1492958664894104,-0.9873639941215515,-0.05197452753782272,-0.9752511978149414,0.37931764125823975,0.5366575717926025,0.45337456464767456,-0.3614799380302429,-0.7796032428741455,0.009999407455325127,1.1011406183242798,0.8029265403747559,0.8646458983421326,1.0009469985961914,0.07936282455921173,-0.49778860807418823,-0.22467736899852753,-0.41078999638557434,0.07093191146850586,-0.9313180446624756,-1.2010928392410278,-0.22584214806556702,-0.8444356322288513,-0.29171210527420044,-0.3408583402633667,0.25305891036987305,-0.6897163987159729,0.6501084566116333,0.12892687320709229,-0.04799797385931015,0.14831754565238953,0.700991153717041,-0.2137548327445984,-0.0019422788172960281,0.4726322889328003,-0.27911221981048584,0.718995213508606,0.6779003143310547,0.9746294021606445,-1.000657558441162,0.37628960609436035,0.1750175952911377,0.6613813042640686,0.2951048016548157,0.056793808937072754,-0.45390501618385315,1.2251348495483398,-0.8611994981765747,0.9379394054412842,0.3539474308490753,0.5842429399490356,-0.5449090600013733,-0.9151235222816467,-0.7498005628585815,0.16076113283634186,1.3223273754119873,-0.4005531370639801,-0.045068878680467606,-0.00878659076988697,-0.7094870805740356,0.07550202310085297,1.6225244998931885,-1.0030232667922974,0.18280324339866638,-0.3749617636203766,0.4187018871307373,-0.1016489565372467,-1.574310302734375,0.2739107608795166,-0.29216012358665466,-0.23958852887153625,-0.7337750196456909,-0.20617927610874176,-0.0443083792924881,-0.4400064945220947,-0.5624871253967285,0.8575209379196167,0.3429287075996399,0.21770963072776794,0.35685938596725464,-0.15989790856838226,-0.10705853998661041,0.34324517846107483,0.5434543490409851,0.6206052303314209,1.3716557025909424,0.7785338759422302,-0.388632595539093,-0.19231846928596497,0.20096728205680847,0.21615681052207947,0.4952017664909363,1.3976542949676514,1.8606388568878174,0.3258906304836273,0.38545215129852295,-0.4858943521976471,0.9176640510559082,-0.09196656942367554,-0.8899354934692383,-1.2166187763214111,-0.41958391666412354,-0.1364409178495407","5 
 Argonaut  was built in 1897, the second submarine designed by American inventor Simon Lake for 
peaceful purposes, not war, and was the first to operate in the open sea  and was therefore a significant 
advance in submarine development, previous submarines having been  designed to operate close to 
shore and harbours. The Argonaut, Figures 3 and 4 , was 11m long, and was powered by a 30 hp 
petrol/gasoline engine with inlet and exhaust hoses, later converted to tubes, rising above the surface 
for the engine and for the crew’s air supplies. Most unusually, it still had wheels for moving along the 
seab ed. Equipped with a periscope and a diving chamber, Lake intended and used it initially for salvage 
of wrecks in Chesapeake Bay but its principal advantage was open sea travel, Lake achieving in 1898 
about 300 miles from Norfolk, Virginia to New York.  
 
The submarine at the end of the 19th century w as not yet a viable weapon of war, but development by 
John Philip  Holland which started in about 1875 and continued despite setbacks with eventual success 
around the turn of the century was a significant step forward for submarine development in several 
navies . John Holland, born 1841 in County Clare, spent 56 of his 73 years wo rking with submersibles. 
Initially he taught mathematics in Limerick and other locations before emigrating to America in 1873 . 
His first submarine design was rejected by the US Navy in 1875 “ as unworkable ”. Holland demonstrated 
his Holland I  prototype in 1 878, launching the Holland II , renamed Fenian Ram,  in 1881. Navigation 
testing was undertaken with the Holland III , and this was followed by the experimental Holland IV  
financed by Lieutenant Edmund Zalinski of the US Army. The US Navy ran a design competi tion for a 
submarine in 1895, won by Holland which led to his Holland V, to be known as USS Plunger , (no 
connection with the later Plunger Class) constructed by his Holland Torpedo Boat Company; displacing 
149 tons, 25."
data/ThePragmaticProgrammer.pdf,4,"-0.01759731024503708,0.6285738348960876,-3.5143985748291016,-1.3399752378463745,0.46016454696655273,0.8970940709114075,-0.2204178273677826,-0.21183399856090546,0.81817626953125,-0.32554468512535095,-0.9780483841896057,-0.01712971180677414,1.8871574401855469,0.1143956109881401,0.6930017471313477,-0.9374390840530396,0.32609617710113525,-1.4886714220046997,-0.4941195845603943,-0.5363721251487732,-0.06956104934215546,-1.527185320854187,-0.889004647731781,0.0546385757625103,1.7560012340545654,0.3218936026096344,-1.4246753454208374,-1.3381588459014893,0.10585436969995499,0.18719330430030823,1.2435393333435059,-0.6605883836746216,-0.45357444882392883,-0.2969180941581726,-0.6310626864433289,-0.889112114906311,-0.982764482498169,0.32075220346450806,0.6692644953727722,0.18112196028232574,0.49626991152763367,-0.2061827927827835,-1.215191125869751,-0.7403349280357361,1.2499934434890747,0.1562429666519165,0.053802020847797394,-0.901141881942749,0.3037671148777008,-0.003182714805006981,1.0680586099624634,-0.2013404816389084,-0.8474020957946777,-2.1979029178619385,0.04674391448497772,0.1828656643629074,-0.9699916243553162,-0.019129974767565727,1.004410743713379,0.03660973161458969,0.5606911778450012,0.740067720413208,-0.5864925980567932,1.3471736907958984,0.454365998506546,0.2580741047859192,-0.2989045977592468,1.1668412685394287,0.6827418804168701,0.20616771280765533,0.2765319049358368,-0.6853355765342712,-0.16127628087997437,-0.6120513081550598,-0.24712243676185608,0.7802988886833191,0.17339111864566803,0.30150213837623596,-0.7937549948692322,0.21783515810966492,0.4969356656074524,-0.4997207224369049,0.7564474940299988,0.18047797679901123,0.777621865272522,-0.2208482325077057,-0.2681458294391632,0.45166677236557007,-1.4051315784454346,0.6634150743484497,-0.22949068248271942,0.9482836723327637,0.33531853556632996,1.6792606115341187,0.24694769084453583,-0.13635072112083435,0.4026966691017151,-0.11345238983631134,0.29864463210105896,0.26975664496421814,-0.3427690267562866,-0.814034104347229,-0.31136077642440796,0.36596736311912537,0.9964430928230286,1.1502536535263062,0.5655462145805359,-0.5102236270904541,-0.06350914388895035,-0.5443776845932007,-0.42223232984542847,-0.4372023344039917,-1.752020001411438,-0.44094163179397583,-0.025907108560204506,-0.34720730781555176,-0.10155728459358215,-0.9219960570335388,0.36067792773246765,0.3606075644493103,-0.9611749053001404,-0.11298540979623795,-0.5285688638687134,1.6697784662246704,0.7540693879127502,0.3561960458755493,-1.165777325630188,0.17275235056877136,0.1320553570985794,0.12750014662742615,0.1202796995639801,0.07309609651565552,-0.5032264590263367,0.11282602697610855,1.0917019844055176,0.6078567504882812,-1.1517267227172852,-0.812929093837738,0.5092753767967224,0.42894673347473145,0.06774164736270905,-0.9619550108909607,0.21266353130340576,0.48000478744506836,0.14426611363887787,-0.6136888861656189,0.08892835676670074,-0.6367148756980896,-1.5991274118423462,0.008281362242996693,-0.7981749176979065,0.34605664014816284,0.419620156288147,1.5930289030075073,-0.10911745578050613,-1.0865166187286377,-0.2919837236404419,0.018071521073579788,0.5379163026809692,0.6326137185096741,0.8358299732208252,-0.29885974526405334,-0.36145317554473877,1.149019479751587,-0.03633894398808479,-0.426703542470932,0.2485790103673935,0.31733468174934387,0.7985455989837646,0.5221651196479797,-0.87201988697052,-0.6386014223098755,0.21299363672733307,0.3949251174926758,0.16827096045017242,-1.3119275569915771,1.2601377964019775,-0.6231231093406677,0.30920377373695374,-0.5260382890701294,-0.18227680027484894,-0.10973157733678818,0.3727501332759857,0.7118333578109741,-0.9713383913040161,0.8031961917877197,-0.5052054524421692,-0.751512348651886,-0.7577056288719177,-1.3544135093688965,0.3607952892780304,1.0912917852401733,-0.7936861515045166,-0.9533073902130127,-0.95196533203125,-0.38358864188194275,0.9221670031547546,-0.3168187141418457,-0.1297680288553238,0.6489476561546326,-0.5091800689697266,0.4337374269962311,-0.2538509666919708,0.24753564596176147,-0.8214344382286072,0.7514137029647827,-0.13498209416866302,0.9012818336486816,0.4881347119808197,0.40335819125175476,1.4529690742492676,-0.07545281946659088,-0.8684788942337036,-0.1214764416217804,0.0790543332695961,-0.33896708488464355,-0.17002105712890625,-0.022486165165901184,0.2166757583618164,0.05269259959459305,0.6898045539855957,0.14483267068862915,0.3067048192024231,0.5857388377189636,-0.026472926139831543,0.6014578938484192,-0.1393895447254181,-0.21948711574077606,-0.645043134689331,-0.47583892941474915,0.13036121428012848,-1.3026905059814453,0.9417180418968201,0.3598615527153015,-0.39538833498954773,0.7446562051773071,-0.13695581257343292,0.017854567617177963,0.7307254672050476,0.15259785950183868,-0.5997970104217529,0.6222874522209167,-1.2675596475601196,0.014879015274345875,-0.5513172745704651,-0.5604066848754883,0.25165295600891113,0.11251260340213776,0.10473175346851349,0.6876891851425171,-0.2054726779460907,0.07659862190485,0.6987298727035522,1.2570534944534302,0.09522704035043716,-0.49627387523651123,-0.5544694066047668,0.3851763606071472,-0.4675231873989105,0.28060099482536316,0.20096340775489807,-0.727035641670227,0.48793351650238037,-0.7066859602928162,-0.9399957060813904,-1.0293145179748535,-0.9706761837005615,-1.1645548343658447,0.9931422472000122,-0.7891879677772522,0.260977178812027,0.9043154716491699,0.44078415632247925,0.46255433559417725,-0.5032391548156738,0.09248881042003632,0.1501692682504654,-0.7141101360321045,-0.2052089422941208,0.8750724792480469,-1.5866878032684326,-0.06791356205940247,-0.4989330768585205,-0.5077589750289917,0.3534068465232849,0.09484132379293442,0.7383151054382324,0.8360899090766907,0.8270053863525391,-0.5006309747695923,-0.24843630194664001,-0.497315376996994,-0.05771942064166069,0.19231301546096802,0.6231306791305542,0.7629581093788147,1.2717691659927368,-1.5040576457977295,0.3070437014102936,-1.5221161842346191,-0.21848885715007782,0.06457220762968063,1.0814578533172607,0.19255226850509644,0.06541355699300766,-0.6391153931617737,0.10228922963142395,-0.4369516670703888,-0.07234471291303635,0.08918018639087677,-1.4841936826705933,-0.5821653008460999,0.059454597532749176,-0.2282778024673462,-1.2312535047531128,0.7129293084144592,1.0249420404434204,0.4433640241622925,1.3426927328109741,-0.33675333857536316,-0.7349441051483154,-0.7511777877807617,-0.20851583778858185,-1.6005938053131104,0.8762243390083313,0.8945463299751282,-0.20559699833393097,-0.4712085723876953,-0.7559797763824463,-0.23766614496707916,0.029656628146767616,0.5647345781326294,0.2329869568347931,-0.7239519953727722,-0.9327528476715088,0.16791152954101562,0.6928033232688904,0.9025003910064697,-0.904744565486908,0.9646992683410645,1.5821253061294556,-0.9450965523719788,0.24827466905117035,-0.4030437767505646,-0.36630865931510925,-0.019279859960079193,-0.3180464208126068,-0.10459014773368835,-0.2343674898147583,1.3661563396453857,0.872438371181488,0.33172985911369324,-0.5141109824180603,0.7424623370170593,0.571672797203064,0.19209815561771393,0.3565939962863922,0.947903037071228,-0.35974064469337463,0.39167240262031555,-0.04800192266702652,0.03042345866560936,-0.7624654173851013,-0.3720976412296295,-0.07870656996965408,-0.26314589381217957,0.5839895606040955,0.23492619395256042,0.19477790594100952,-0.26488780975341797,-1.977111577987671,0.19298917055130005,0.5451299548149109,0.7051456570625305,-0.33004942536354065,-0.28603821992874146,-0.6036412715911865,-0.2223372608423233,-0.42655304074287415,0.7591196298599243,0.6061333417892456,-0.8124077916145325,0.2576453387737274,0.12334772944450378,0.05582964047789574,0.11929518729448318,0.14572514593601227,0.4733538329601288,0.25196373462677,-0.0987178161740303,-0.021946653723716736,-0.634962797164917,-0.678692102432251,-0.646465003490448,0.5014974474906921,0.5738916993141174,-0.21647724509239197,0.04069317877292633,-0.1523788720369339,0.9642781615257263,-1.6625137329101562,-0.6022922992706299,0.02593224123120308,0.46211114525794983,-0.5309044122695923,0.24796317517757416,0.5152507424354553,-0.7044256329536438,-0.015264464542269707,-0.592113196849823,0.2714722752571106,0.6910057663917542,-0.011605193838477135,-0.6090923547744751,-0.7753546833992004,0.3437471091747284,0.6495158076286316,0.6044864654541016,-0.6523310542106628,0.2903595268726349,0.0936274528503418,1.239853858947754,-0.2646959125995636,-0.7227656245231628,0.5119957327842712,0.3590071201324463,0.1596042364835739,-0.011944158002734184,-0.12510335445404053,-1.4046963453292847,0.6349853277206421,0.19548216462135315,-0.3851500153541565,-0.12421046942472458,0.9257900714874268,0.4275640547275543,0.540995180606842,0.5782411694526672,1.2332932949066162,1.4287925958633423,0.6169360876083374,-0.02966725267469883,-0.08959518373012543,0.24267208576202393,0.8075401186943054,0.24240148067474365,1.173736810684204,-0.13391563296318054,-0.14676764607429504,0.9568420648574829,-0.4098999500274658,-0.7589414119720459,1.0877740383148193,0.4503149092197418,1.2526308298110962,-0.9704052805900574,-0.9656916856765747,-0.48265954852104187,0.05794045701622963,0.5265329480171204,0.8858784437179565,-0.1604170799255371,-0.861072301864624,1.0589748620986938,0.722120463848114,-0.5637901425361633,-0.15225307643413544,0.06311921775341034,-0.2826133668422699,0.7045167088508606,-0.5212948322296143,0.6184546947479248,-0.09880314767360687,-0.29353067278862,-0.8103660941123962,0.7985631227493286,-0.06237291544675827,-0.9132837057113647,-0.13198813796043396,0.8542492985725403,0.4611698389053345,-0.4101903438568115,-1.2969366312026978,-0.49718788266181946,0.24031059443950653,0.712026834487915,0.17946229875087738,-0.6965398192405701,0.6306188106536865,-0.08940024673938751,-0.003692062571644783,-0.0002696675364859402,0.016664978116750717,-0.11043637245893478,-0.5292462706565857,-0.07712873816490173,-0.018236367031931877,0.43119826912879944,1.200456142425537,0.42589208483695984,0.30822840332984924,0.28575336933135986,0.06042136996984482,0.13081084191799164,0.3790644407272339,-0.565040111541748,0.635696530342102,0.4120090901851654,-1.0093225240707397,0.8404410481452942,0.4751320481300354,0.46418699622154236,-0.01261988840997219,0.4180057644844055,1.9700285196304321,-1.098306655883789,-0.11437590420246124,-0.03701484948396683,-0.8517019748687744,0.6061862707138062,0.5049228668212891,-0.3074490427970886,0.033824995160102844,-0.2171735167503357,-1.566295862197876,0.4610968232154846,0.016758562996983528,-0.47176116704940796,0.20338743925094604,-0.14313331246376038,0.08542577922344208,0.7558653354644775,-0.44057315587997437,0.08755907416343689,-0.06897533684968948,-0.23617921769618988,-0.5013423562049866,-0.023848049342632294,1.3284695148468018,-0.05837178975343704,-0.4043399393558502,-0.029755935072898865,0.5139466524124146,0.32228606939315796,0.12822981178760529,0.8268485069274902,-0.8243197798728943,0.998603105545044,0.012281774543225765,-1.2009387016296387,0.055638521909713745,-0.9715369343757629,-0.4617365300655365,-0.08131983131170273,-1.0388636589050293,-0.3108317255973816,-0.4541667699813843,-0.6875856518745422,-0.3742462396621704,0.11629057675600052,0.362914115190506,-0.3842409551143646,0.6980449557304382,0.5632782578468323,-0.45011889934539795,0.22648853063583374,-0.5717134475708008,-0.26714181900024414,0.08227386325597763,0.9145386815071106,0.47651955485343933,-1.5694893598556519,-1.1548748016357422,-0.11203964799642563,0.40996649861335754,-0.7532888054847717,0.17812107503414154,-0.6770403981208801,-1.2921302318572998,-0.6684430837631226,0.14920015633106232,-0.7066737413406372,0.5451120734214783,0.6349878311157227,-0.911808967590332,0.14988280832767487,-0.940607488155365,-0.6390253305435181,0.48932480812072754,-0.8030832409858704,0.02120538242161274,0.061984892934560776,0.11403702199459076,-0.859728991985321,0.23031148314476013,-0.3551056385040283,0.05541585013270378,0.06183561682701111,-0.497722864151001,-0.5397045612335205,0.23064103722572327,0.275580495595932,1.2514095306396484,-0.6691194176673889,-0.49292343854904175,1.1583880186080933,0.9143750667572021,0.7675339579582214,0.8246643543243408,-0.49690020084381104,0.28802260756492615,-0.08059082180261612,-0.7719389796257019,-0.6133486032485962,0.16702796518802643,-0.8185518383979797,1.6564685106277466,-0.4117358922958374,0.1638125777244568,-0.1738683134317398,0.41493210196495056,-0.5069427490234375,0.7726919651031494,-0.40938758850097656,0.8847529292106628,-0.15926383435726166,-0.7741533517837524,-0.4112852215766907,-0.1620791256427765,0.7314645051956177,-0.6782047748565674,-0.7317352890968323,-0.0947171226143837,-0.30225303769111633,0.0030799361411482096,0.01803405210375786,-0.009643838740885258,0.451772004365921,-0.05948851630091667,1.3762211799621582,0.37643885612487793,-0.15982766449451447,-0.4241207242012024,0.5402821898460388,-0.07089513540267944,-0.22432157397270203,0.9336076974868774,0.5979087948799133,-0.1187501773238182,0.6886894106864929,1.1409469842910767,0.7177109122276306,-0.1056411862373352,-0.1894998699426651,0.6242902278900146,0.7400884628295898,1.0977387428283691,-0.5927088260650635,-0.3323742151260376,0.6205688118934631,0.9756841659545898,0.8205969333648682,0.23378899693489075,-0.4874234199523926,0.19523607194423676,-0.6664562225341797,-1.0432426929473877,-0.011420500464737415,-0.9720116853713989,0.5995283126831055,0.6776435375213623,0.3327327370643616,-0.3883011043071747,-0.549938976764679,0.13979746401309967,0.6818010807037354,0.5323355197906494,0.5678784847259521,0.8710159063339233,0.04471936076879501,-0.5618395209312439,-0.16272135078907013,0.21585461497306824,-0.02409198321402073,-0.6369487047195435,-1.4507805109024048,-0.05342026427388191,-0.7725219130516052,0.4633002281188965,-0.34299635887145996,0.2560562789440155,-0.9894576072692871,0.43525001406669617,0.06392404437065125,0.5273295640945435,0.04114660248160362,0.4912230968475342,-0.3864041864871979,0.20263278484344482,0.6778287291526794,0.09577670693397522,0.9185651540756226,0.5211032629013062,1.0146961212158203,-1.3061943054199219,0.805818498134613,-0.09836422652006149,0.37762635946273804,-0.0351465567946434,-0.20465213060379028,-0.05674600228667259,0.601446807384491,-0.420482337474823,1.1331090927124023,0.2361784279346466,0.4087817072868347,-0.9260610342025757,-1.283672571182251,-0.7546744346618652,0.2285040318965912,1.6114400625228882,-0.32815802097320557,0.1633213758468628,-0.4152475595474243,-0.5327053070068359,0.05552436038851738,1.4176158905029297,-1.387589693069458,-0.27356407046318054,-0.14456775784492493,0.3653194010257721,-0.3182533085346222,-1.1752324104309082,0.6436964273452759,-0.2884911298751831,-0.6186656951904297,-1.0505764484405518,-0.41216593980789185,0.1484602838754654,-0.7525051832199097,-0.7125723361968994,0.6491218209266663,1.0299205780029297,-0.03307414799928665,0.221993088722229,-0.22706112265586853,-0.9030439853668213,0.602501392364502,0.09993745386600494,0.1993536651134491,1.1377664804458618,0.4904373586177826,-0.2561493217945099,0.09491420537233353,0.5927765965461731,-0.27811458706855774,0.43288183212280273,1.380901575088501,2.280073404312134,0.4535118043422699,0.23488807678222656,-0.35943272709846497,1.1463009119033813,-0.31354066729545593,-0.6952356696128845,-1.0930801630020142,-0.5862625241279602,-0.8179993629455566"," 
Initially he taught mathematics in Limerick and other locations before emigrating to America in 1873 . 
His first submarine design was rejected by the US Navy in 1875 “ as unworkable ”. Holland demonstrated 
his Holland I  prototype in 1 878, launching the Holland II , renamed Fenian Ram,  in 1881. Navigation 
testing was undertaken with the Holland III , and this was followed by the experimental Holland IV  
financed by Lieutenant Edmund Zalinski of the US Army. The US Navy ran a design competi tion for a 
submarine in 1895, won by Holland which led to his Holland V, to be known as USS Plunger , (no 
connection with the later Plunger Class) constructed by his Holland Torpedo Boat Company; displacing 
149 tons, 25.98m long with a steam engine for 15 k nots surfaced and 8 knots submerged, equipped with 
2x45cm torpedo tubes and rated for seven crew, it was launched on 7 August 1897; it was rejected by 
the Navy during trials and eventually the Navy cancelled the contract. During construction, Holland had 
realised that a steam power ed engine was unsuitable and, so had embarked on developing Holland VI  
crediting the money spent on Holland V  towards Holland VI  which was the breakthrough,  on a number 
of counts, including principal components being in one vessel, dual propulsion, a fixed longitudinal Source : https://commons.wikimedia.org/wiki/File:PSM_V58_D177_Longitudonal_section_of_the_submarine_argonaut.png   
Public Domain via Wikimedia Commo ns Public Domain via Wiki’ia Commons  
Source Figure 1 4: https://commons.wikimedia.org/wiki/File:PSM_V58_D178_Cross_section_of_the_argonaut_amidships."
data/ThePragmaticProgrammer.pdf,5,"-0.1364256590604782,0.9202477931976318,-3.5773234367370605,-0.6939483284950256,1.368862509727478,0.26932141184806824,0.20305728912353516,-0.10545586049556732,-0.27366316318511963,-0.8891818523406982,0.38397878408432007,-0.39768412709236145,1.605445146560669,0.05280298367142677,1.0925869941711426,-1.055596947669983,-0.06903369724750519,-1.0511138439178467,0.651699423789978,-0.053734518587589264,0.1817474365234375,-1.2396761178970337,-1.2091395854949951,-0.3360055983066559,0.8157742023468018,1.29833984375,-0.5593100786209106,-1.316339373588562,-0.04605041444301605,-0.21086806058883667,1.1619446277618408,-1.1509027481079102,-0.5602445602416992,-0.4729899764060974,-0.9744272232055664,-0.9777973294258118,-0.30834564566612244,0.5771515965461731,0.6467267274856567,0.06724914908409119,0.6607764959335327,-0.5259510278701782,-1.205579400062561,-0.9758954644203186,0.783255934715271,0.331933856010437,0.9295921325683594,-1.1861984729766846,0.37626343965530396,-0.21523499488830566,0.7256271839141846,-0.09377674758434296,-0.7061456441879272,-1.5805206298828125,0.4979976415634155,-0.26498550176620483,-0.5576773285865784,0.4985394775867462,0.6196432113647461,-0.41614431142807007,-0.34790903329849243,0.2649226188659668,-0.4600794017314911,0.9734677672386169,0.4052993059158325,-0.1744244247674942,-0.06012590974569321,1.209097981452942,0.25132012367248535,-0.26211708784103394,0.18265493214130402,-0.9689947366714478,-0.5097562074661255,-0.4809243977069855,-0.19663476943969727,0.7683110237121582,-0.3136315941810608,0.3763986825942993,-0.3322584629058838,-0.5246310234069824,0.323010116815567,-0.2559269070625305,1.411044955253601,-0.344933420419693,1.008756399154663,0.5758908987045288,-0.37983158230781555,0.15724188089370728,-0.2672138810157776,0.6058682203292847,-0.1594916582107544,0.42463794350624084,0.4974406361579895,1.3931925296783447,-0.017550192773342133,0.16946333646774292,0.49703699350357056,0.1935063600540161,0.5323902368545532,0.36887887120246887,-0.4534050226211548,-0.1701262891292572,-0.13378794491291046,0.42267724871635437,0.7971378564834595,1.1314425468444824,1.0383930206298828,-0.01589950919151306,0.15297332406044006,-0.7268048524856567,-0.49579787254333496,-0.45750653743743896,-0.835360050201416,-0.32082173228263855,-0.451596200466156,-0.6412456631660461,0.793485701084137,-0.6560519933700562,0.28748175501823425,0.03906286507844925,0.03845992684364319,0.0012453123927116394,-0.03764376789331436,1.2296781539916992,0.7572499513626099,0.49428480863571167,-1.4112664461135864,-0.33847135305404663,0.06793051958084106,-0.13260997831821442,-0.4674795866012573,-0.23512712121009827,-0.9389828443527222,-0.07922956347465515,1.0711604356765747,1.0680146217346191,-0.9814280271530151,-0.9573781490325928,0.1419600546360016,0.13080638647079468,0.5358171463012695,-0.68730628490448,-0.05811036750674248,0.5093439817428589,0.26314523816108704,-0.9457895755767822,-0.05037832260131836,-0.20391032099723816,-1.217854619026184,-0.0005049342289566994,-0.28135979175567627,0.710202157497406,0.2370741069316864,1.0035502910614014,-0.0037903059273958206,-1.095582127571106,0.217580646276474,-0.2969757318496704,0.02464231103658676,0.23453252017498016,0.7096326351165771,0.47029268741607666,-0.033273227512836456,0.6315411329269409,-0.7842661142349243,-0.2737177014350891,0.6844029426574707,0.45478618144989014,1.0025334358215332,0.8840866088867188,-1.4261811971664429,-0.468017578125,-0.35673463344573975,0.9987049102783203,0.9123401045799255,-0.5359770059585571,2.112226963043213,-1.1157000064849854,-0.08025476336479187,0.182097390294075,-0.47498127818107605,-0.03457726910710335,0.4498080611228943,1.5495673418045044,-1.5821187496185303,0.5165614485740662,-0.003051924519240856,-0.8540587425231934,-1.3001668453216553,-0.7290775775909424,0.5251299142837524,1.3184418678283691,-1.0114803314208984,-0.5042019486427307,-0.8403443098068237,-0.1777421087026596,1.3422932624816895,-0.030257590115070343,-0.2427656650543213,0.21283257007598877,-0.3661764860153198,-0.16584233939647675,-0.15287549793720245,-0.026628706604242325,0.23654094338417053,0.755365252494812,-0.20654629170894623,1.0375925302505493,0.6913315057754517,0.2333996593952179,1.6181116104125977,-0.02561609074473381,0.16160720586776733,-0.5714637041091919,0.5441023707389832,-0.36965182423591614,-0.44497349858283997,0.11686334013938904,0.27741315960884094,-0.18333639204502106,0.5360012054443359,0.1668754518032074,0.0812213122844696,0.5946768522262573,0.5572678446769714,0.3530813753604889,-0.12675465643405914,-0.31937286257743835,0.044308558106422424,-0.5451667904853821,0.6643114686012268,-1.462721824645996,1.387170672416687,-0.35522279143333435,0.15035447478294373,0.788910448551178,-0.2319580614566803,-0.029577676206827164,0.8671041131019592,1.0576465129852295,0.42311131954193115,0.6852337718009949,-0.6873914003372192,-0.42818766832351685,-1.0608181953430176,0.19894571602344513,-0.2019331157207489,0.24513773620128632,-0.47847068309783936,1.0033373832702637,-0.05173857510089874,-0.6489697694778442,0.5797851085662842,0.31763771176338196,0.13927054405212402,-0.27746832370758057,-0.5618335008621216,0.3576010465621948,-0.9372477531433105,0.21362480521202087,-0.17653551697731018,-0.831362247467041,0.2359338104724884,-0.5297749042510986,-1.092505931854248,-0.428448349237442,-0.8844548463821411,-1.3536453247070312,1.0488332509994507,-1.1560533046722412,0.26225751638412476,0.18096642196178436,0.23307308554649353,1.0143053531646729,-0.9304584264755249,0.1846948266029358,-0.12226524204015732,-0.8025972843170166,0.07652504742145538,0.992444634437561,-0.5259919762611389,-0.4334127604961395,-0.1628185659646988,0.20593687891960144,-0.15492326021194458,0.6930112838745117,0.48488128185272217,0.27802473306655884,1.309704303741455,0.11599963903427124,-0.5164875984191895,-0.6558789014816284,0.651470422744751,0.3367001414299011,0.4290086627006531,0.709265947341919,1.3101381063461304,-1.189116358757019,0.19463945925235748,-1.2232346534729004,0.7614010572433472,0.7081390619277954,1.441291332244873,0.7066203951835632,-0.567572832107544,-0.13157525658607483,-1.0586912631988525,-0.2910225987434387,-0.2128964364528656,-0.08912955969572067,-0.7871782779693604,0.019731959328055382,-0.31547781825065613,-0.5351229906082153,-0.9323623180389404,-0.09425173699855804,0.8229857683181763,0.04380204156041145,1.1283442974090576,-0.11144621670246124,-0.2387484610080719,-0.7085992097854614,-0.2966637909412384,-1.45094895362854,0.6663516759872437,1.1700916290283203,-0.22321563959121704,0.3328660726547241,-0.305357962846756,0.15859460830688477,0.42260104417800903,1.1439927816390991,0.9337626099586487,-0.2807536721229553,-0.8424001932144165,1.1087675094604492,1.3109540939331055,1.0450537204742432,-0.1696302890777588,0.2844630777835846,1.9489507675170898,-1.0909602642059326,0.3089202046394348,-0.5554299354553223,0.06101369857788086,-0.2705928087234497,-0.6508375406265259,-0.2442605197429657,0.0531354695558548,0.8627198934555054,0.22149373590946198,-0.5851233005523682,-0.6068603992462158,0.4365863800048828,0.5184774398803711,0.06149829179048538,0.38275080919265747,0.7004092931747437,-0.8188366293907166,0.031209027394652367,-0.11493922770023346,0.21064533293247223,-0.5413342118263245,0.2786567509174347,0.06277681887149811,-0.2442035973072052,-0.011917272582650185,0.13853780925273895,-0.776310920715332,-0.7421847581863403,-0.8298327922821045,-0.29706865549087524,-0.21356987953186035,-0.05238383263349533,0.1927020251750946,-0.1931350827217102,-0.44635799527168274,-0.6379652619361877,-0.48325300216674805,0.43414628505706787,0.5909678936004639,-1.1069694757461548,-0.4206392467021942,0.6834295988082886,-0.11144016683101654,-0.42246365547180176,-0.12448954582214355,0.2624606490135193,-0.17501729726791382,0.32388991117477417,-0.09712040424346924,-0.4554592967033386,-1.1175634860992432,-0.9619605541229248,-0.12995406985282898,0.938585102558136,0.2926185727119446,-0.23400665819644928,-0.7212381362915039,0.9947658181190491,-0.7708407640457153,-0.5335535407066345,-0.22631524503231049,0.13969796895980835,-0.22747229039669037,-0.0679791271686554,0.2635030150413513,-0.128935769200325,0.34766897559165955,-0.26262366771698,0.6426141262054443,1.3073551654815674,-0.11380772292613983,-0.73333740234375,-0.544193685054779,0.6374956965446472,0.06786611676216125,-0.18465548753738403,-0.1661652773618698,0.6118291020393372,0.6681442260742188,1.048485517501831,-0.19839678704738617,-0.6227505207061768,0.007751647382974625,0.2556058466434479,0.5878899693489075,-0.4749773144721985,0.1310412436723709,-0.8444502353668213,0.7082122564315796,-0.34040987491607666,0.528340756893158,0.15777385234832764,0.9649480581283569,0.532997190952301,-0.015205456875264645,0.34206050634384155,0.2920230031013489,1.5001802444458008,0.7159823775291443,-0.3017406165599823,-0.18114373087882996,-0.512829601764679,0.4442349970340729,1.056153655052185,0.5677828788757324,-0.35939836502075195,-0.2932049334049225,0.5824653506278992,-0.04841069504618645,-0.32930177450180054,0.8830994367599487,0.6637573838233948,0.33244749903678894,-1.0037339925765991,-0.4375297725200653,0.1418561041355133,0.022472355514764786,0.04840719699859619,-0.2328507900238037,0.05339214578270912,-0.6089891195297241,0.29147523641586304,0.5085927248001099,-0.11237283796072006,-0.3064475953578949,0.0300762876868248,-0.44215962290763855,0.7915630340576172,-0.2593329846858978,0.3603362441062927,-0.0267031192779541,-0.8175575137138367,-0.9487265944480896,0.1277720183134079,-0.20580758154392242,-0.712640643119812,-0.058132048696279526,0.459652304649353,0.4575052261352539,-0.46024131774902344,-1.4761970043182373,-0.28458887338638306,-0.07984864711761475,0.5778499841690063,0.3858999013900757,-0.9764458537101746,0.4241250455379486,0.21045759320259094,-0.10514634847640991,0.2318122386932373,-0.22663888335227966,-0.41152167320251465,-0.2618640959262848,0.10340870916843414,0.11801367998123169,0.7805001735687256,0.8961734175682068,0.2807052731513977,0.5247668623924255,0.9847198724746704,0.01735202968120575,0.7747437953948975,0.5204131603240967,0.0614272803068161,0.9867216348648071,-0.2794490158557892,-1.4576120376586914,0.4003985524177551,-0.1272110939025879,0.22672796249389648,-0.7334161400794983,0.16500096023082733,1.5244508981704712,-1.8778283596038818,0.09599491953849792,0.10334652662277222,-0.600913405418396,0.22459742426872253,0.8783644437789917,-0.9184406399726868,0.39028510451316833,-0.4630339741706848,-1.1863741874694824,0.427977979183197,-0.1567823588848114,-0.4781835675239563,0.4139959216117859,-0.062100958079099655,0.14643734693527222,0.7756129503250122,-0.5779337286949158,-0.2578637897968292,-0.49380138516426086,-0.099015012383461,-0.2657063603401184,-0.2552639842033386,1.5291736125946045,-0.6181848645210266,-0.42564308643341064,-0.11570633202791214,-0.32852381467819214,1.063308596611023,0.3837490975856781,-0.2364957630634308,-0.5179287195205688,0.4168507754802704,0.13995875418186188,-1.2615255117416382,0.4270123541355133,-0.29026365280151367,-0.07357070595026016,-0.4576573669910431,-0.28981703519821167,-0.4005547761917114,-0.3814106285572052,-0.7184734344482422,-0.10621780157089233,-0.17138230800628662,0.5523105263710022,0.11441458016633987,0.7366178035736084,0.5211142897605896,-0.20311886072158813,0.03904668241739273,-0.5333016514778137,0.35875391960144043,0.2318318486213684,1.2066311836242676,0.6382150650024414,-1.4226711988449097,-0.4937478005886078,0.03249576315283775,0.5881116986274719,-1.3393969535827637,0.39824846386909485,0.4032594561576843,-1.463505506515503,-0.3922748565673828,-0.5277717113494873,-0.6382767558097839,0.6850114464759827,0.4579686224460602,-0.8332643508911133,0.3728346824645996,-1.3916298151016235,-0.3472568988800049,0.664997935295105,-0.9764769673347473,0.6282268762588501,0.1939249038696289,-0.28920331597328186,-1.1776856184005737,0.2372646927833557,-0.1549205183982849,0.2010084092617035,0.4350701570510864,-1.1204228401184082,-0.9923842549324036,0.2387247085571289,1.0486259460449219,1.1230711936950684,-0.5011295080184937,0.5802685022354126,1.910542368888855,0.8214122653007507,0.3517443835735321,-0.23575156927108765,-0.6069493293762207,0.8541560173034668,0.17530225217342377,-0.8508901000022888,-0.8544899821281433,-0.8669768571853638,-0.32116398215293884,1.1839323043823242,-0.5560657382011414,0.3759239912033081,0.40498363971710205,0.5735645294189453,-0.4816253185272217,0.29450806975364685,-1.0328376293182373,0.2905671000480652,-0.9746050834655762,-0.5878356695175171,-0.5911203622817993,-0.12701115012168884,0.04801763966679573,-0.03444178029894829,-0.3534190058708191,-0.2708747088909149,-0.37622883915901184,-0.04940878599882126,-0.7875235080718994,-0.007780008018016815,0.7846505641937256,0.693203866481781,0.8978521227836609,0.8904908895492554,-0.23491539061069489,-0.7794637680053711,0.7408651113510132,-0.033301517367362976,-0.9000871181488037,0.8786219954490662,0.7734460830688477,0.5058200359344482,0.34636837244033813,0.45845553278923035,-0.20234647393226624,-0.04773035645484924,0.02489951252937317,-0.024050839245319366,0.03388677537441254,0.9906905889511108,-0.8405574560165405,-0.0039261505007743835,-0.5308992862701416,1.22452712059021,0.866963267326355,0.8322712182998657,-0.2988223135471344,-0.17661501467227936,-0.15341374278068542,-0.7105656862258911,0.1866082400083542,-0.8158019781112671,1.085214614868164,0.18676286935806274,0.40340250730514526,-0.8241264224052429,-0.3207774758338928,-0.3971238434314728,0.6846820116043091,0.7135209441184998,0.3465447723865509,0.894123911857605,0.27387577295303345,-0.44189751148223877,-0.6584896445274353,0.10192305594682693,0.07481126487255096,-0.3986870348453522,-0.9716722965240479,0.05068276822566986,-0.6613301038742065,0.14837579429149628,-0.5695393085479736,-0.007162576541304588,-0.603045642375946,0.9507012367248535,-0.10621978342533112,-0.14820700883865356,0.45915672183036804,0.49917906522750854,-0.9457977414131165,-0.08855810761451721,0.04768795892596245,-0.04161524027585983,0.8176665306091309,0.7066812515258789,0.6872667074203491,-0.7049938440322876,0.38372528553009033,0.5399482846260071,0.35258594155311584,-0.2321905493736267,-0.03666560351848602,-0.42024940252304077,-0.0917462706565857,-0.45543599128723145,0.8935593962669373,0.09372159838676453,0.5134016871452332,-0.9022467136383057,-1.1766352653503418,-0.17449578642845154,0.338323712348938,0.759271502494812,-0.5089206695556641,-0.1096225306391716,-0.47890400886535645,-0.573032021522522,-0.05744912102818489,1.3637360334396362,-1.1011579036712646,0.3529268205165863,-0.3807258605957031,0.011481000110507011,-0.5058009624481201,-1.3179212808609009,0.6304882168769836,0.020532872527837753,-0.25437670946121216,-0.542288601398468,-0.2342175394296646,-0.45719271898269653,-0.4275331497192383,-0.5878325700759888,-0.03488370403647423,0.32080814242362976,-0.08938561379909515,0.27946317195892334,-0.21483494341373444,-0.20259220898151398,1.0183017253875732,0.475332647562027,-0.022979959845542908,1.5660265684127808,0.18719832599163055,-0.3658456802368164,-0.13374687731266022,0.14800527691841125,-0.5176029205322266,0.5184765458106995,1.1934707164764404,1.4044089317321777,0.7529124021530151,0.6141780614852905,-0.3650960624217987,1.0254600048065186,-0.5244573950767517,-1.016721248626709,-0.899956464767456,-0.8286262154579163,-0.7437824010848999","6 
 centre of gravity, main and separate auxiliary ballast tanks, hydrodynamically efficient, and a viable 
weapons system.  
• Dual propulsion – now a 34kw 4 -stroke Otto petrol/gasoline engine for surface running and 
battery charging, with a 37kw Electro -Dynamic Company electric motor powered from 66 Exide 
battery cells for submerged running. Speed and range quoted were respectively 6 knots surfaced, 
5½ knots submerged, and 230 miles a t 6knots surfaced, 35 miles at 5½ knots submerged.  
• A fixed longitudinal centre of gravity – previous examples had used ballast tanks which were only 
partially filled, allowing water to move freely forwards or aft, thus preventing stable running. 
Holland solved this by de signing his ballast tanks to be empty or completely full, thus stabilising 
the vessel, with a small forward trim tank which was used for diving without significant effect on 
the overall centre of gravity,  supplemented by stern mounted diving planes.  
• Holland optimised the hydrodynamic shape for submerged operation – this included a circular 
cross -section maximised forward of amidships, minimal superstructure, a single propellor placed 
aft of the rudder, lik e modern nuclear submarines, but had to be changed in front of the rudder 
at US Navy insistence. It is thought that a naval architect, Alfred Busch, had the idea of adding 
about 0.6m to the bow, thus making the shape asymmetrical, Holland having followed e arlier 
inventors having a symmetrical profile. But the majority of ideas were Holland’s.  
• Weapons – Holland incorporated one 45cm reloadable torpedo tube with three well -tested 
Whitehead torpedoes carried on board. A 21.4cm pneumatic dynamite gun was added  at the 
bow, available through a muzzle door.  
 
About the same time as Holland was fine tuning his design, the French Admiralty was continuing its 
active submarine development , including  the Gustave Zédé  and Narval . The experimental Gustave Zédé  
was an electrically driven vessel launched on 1 June 1893 , commissioned on 1 May 1900."
data/ThePragmaticProgrammer.pdf,5,"-0.20679031312465668,0.602330207824707,-4.284470558166504,-0.9524253606796265,1.2465542554855347,0.3189467191696167,-0.38671863079071045,-0.1331610083580017,-0.02105100266635418,-0.5801383852958679,-0.8405519127845764,-0.11322146654129028,1.7106716632843018,-0.3839249610900879,1.181166648864746,-1.3697208166122437,-0.059636496007442474,-0.9254533052444458,0.184309184551239,0.11052669584751129,0.23691631853580475,-1.0565762519836426,-1.0909194946289062,-0.29135262966156006,1.2336182594299316,1.1838897466659546,-0.5147499442100525,-1.1026521921157837,-0.24502605199813843,-0.09721960127353668,0.9122205972671509,-1.0046284198760986,-0.9923834204673767,-0.3094196319580078,-0.014174073934555054,-1.5712724924087524,-0.31002482771873474,0.7694666981697083,0.48063763976097107,0.22921451926231384,1.7237646579742432,-0.07934261858463287,-0.4441322088241577,-0.7306431531906128,1.5469441413879395,0.6074773073196411,1.0951082706451416,-1.0064780712127686,0.5116517543792725,-0.3131429851055145,1.1423805952072144,-0.018959850072860718,-0.2690199017524719,-1.8448928594589233,1.0113492012023926,0.19660474359989166,-0.10017042607069016,0.16711559891700745,1.3328065872192383,-0.6925652027130127,-0.34944579005241394,0.5482392311096191,-0.6322504878044128,1.4112625122070312,0.707996129989624,-0.35528644919395447,-0.4078134298324585,1.4068361520767212,0.6948270201683044,0.1022150069475174,0.1549638956785202,-0.6338245868682861,-0.3962499797344208,-1.022601842880249,-0.23646926879882812,0.6281408071517944,-0.2645382285118103,0.07250877469778061,-1.2968711853027344,-0.008987890556454659,0.32687991857528687,-0.5581398010253906,1.1551737785339355,-0.4153733253479004,1.0600204467773438,0.5665451884269714,-0.4490487575531006,0.5818414688110352,-1.0735032558441162,1.3715779781341553,0.30080920457839966,0.6662054061889648,0.8056254386901855,1.429161787033081,-0.27529358863830566,0.26402175426483154,0.5800391435623169,-0.14609748125076294,0.8002007007598877,-0.12119840085506439,0.014988675713539124,-0.4276590943336487,0.05103570595383644,0.7496052384376526,1.2845933437347412,0.8913037776947021,0.9458870887756348,-0.1052820160984993,-0.16087374091148376,-0.9743866920471191,-0.7170279026031494,-0.7040290832519531,-1.385450839996338,-0.5191048383712769,-0.17204409837722778,-0.6935330629348755,0.6259657144546509,-1.162639856338501,0.24038511514663696,0.19984453916549683,-0.45009246468544006,-0.020473940297961235,-0.5229220390319824,1.3915938138961792,0.9413368105888367,0.14425379037857056,-1.1313960552215576,-0.06500168144702911,0.43110305070877075,-0.7867975831031799,-0.042910411953926086,0.31039488315582275,-0.32641398906707764,-0.11703220009803772,0.7334313988685608,1.2572402954101562,-0.4063982367515564,-0.8224979639053345,0.44354161620140076,0.7708855271339417,0.552358090877533,-0.7749692797660828,0.20002244412899017,0.4522677958011627,0.22461742162704468,-0.7676525115966797,0.19930356740951538,-0.3521478772163391,-1.3303865194320679,0.24419881403446198,-0.43871834874153137,0.6480417251586914,-0.1314256638288498,1.4605376720428467,-0.339709997177124,-1.1348464488983154,0.09737364947795868,-0.313953161239624,0.23818829655647278,0.8301613926887512,0.49111998081207275,0.13600483536720276,-0.29941892623901367,0.9557842016220093,-0.28111934661865234,-0.5827982425689697,0.8982499837875366,0.6629890203475952,0.990571916103363,0.8359265327453613,-1.0711828470230103,-0.46567612886428833,-0.23653815686702728,0.5770614147186279,0.464331716299057,-0.32859671115875244,1.6420745849609375,-1.1309531927108765,0.057945698499679565,-0.5625350475311279,-0.5386306047439575,-0.0826171487569809,0.4911525249481201,0.9906286001205444,-1.2709965705871582,0.6211761236190796,0.1510007083415985,-1.5361193418502808,-0.9007376432418823,-0.9087227582931519,-0.35830655694007874,1.1897609233856201,-1.277843713760376,-1.210850715637207,-0.73707115650177,0.34570181369781494,0.9894574284553528,-0.3787331283092499,0.019490882754325867,0.15296170115470886,-0.8123038411140442,0.06746362149715424,-0.6861457824707031,-0.2793424725532532,-0.6536247730255127,0.7238770723342896,-0.5086531043052673,1.230919599533081,0.4199059307575226,0.06061813235282898,1.3639419078826904,-0.016444720327854156,-0.18853071331977844,-0.25459399819374084,0.34515541791915894,-0.21950756013393402,-0.22980666160583496,0.3490375876426697,0.34787073731422424,-0.3017493486404419,0.7596397399902344,0.7545593976974487,0.06033250316977501,0.16274859011173248,0.7094513177871704,0.46898025274276733,0.3374634385108948,-0.38794609904289246,-0.5735938549041748,-0.13836011290550232,0.2565732002258301,-1.9761171340942383,0.5286954045295715,-0.24266661703586578,-0.23655396699905396,0.7162076234817505,0.1873096525669098,0.05472055822610855,0.30543071031570435,0.7718297839164734,0.1839577555656433,0.8329867720603943,-0.6636834144592285,-0.8116139769554138,-1.121936559677124,0.04329780116677284,-0.3531505763530731,0.3480578660964966,-0.26793408393859863,0.6417132616043091,-0.11428426206111908,-0.24284407496452332,1.4794434309005737,0.9225146770477295,0.21369054913520813,-0.5590122938156128,-0.4751303195953369,0.17411872744560242,-0.7747523784637451,0.08987399935722351,0.08154752105474472,-0.8651701211929321,0.46606409549713135,-0.24056950211524963,-0.7850527763366699,-0.8266665935516357,-0.8860949873924255,-0.9358142614364624,1.1752450466156006,-0.9337361454963684,0.15425574779510498,0.09682710468769073,0.3307132124900818,0.6189703941345215,-0.7958847880363464,-0.278589129447937,0.22948551177978516,-0.3777947723865509,-0.021624062210321426,0.8193011283874512,-0.9347996711730957,-0.19795317947864532,-0.6151313185691833,-0.7435844540596008,-0.3499758243560791,0.5172441005706787,0.48419666290283203,-0.1298167109489441,1.0486574172973633,-0.15635482966899872,-0.5427039265632629,-0.5181884765625,0.27188992500305176,0.12646068632602692,0.5091930627822876,0.6308106184005737,1.5425281524658203,-1.2002899646759033,0.2557659447193146,-1.9163508415222168,0.8343333005905151,0.6528933048248291,1.082428216934204,0.7924159169197083,0.039876628667116165,-0.3345509171485901,-0.29880571365356445,-0.18438374996185303,-0.40389424562454224,-0.013409635052084923,-1.1323232650756836,0.12094026803970337,-0.1897186040878296,-0.2730329930782318,-1.2743078470230103,0.20733478665351868,0.627916157245636,0.44489774107933044,1.2072399854660034,-0.015577482059597969,-0.012833548709750175,-0.6838176250457764,0.22018660604953766,-1.9067963361740112,0.3750101923942566,0.4710283875465393,0.16194894909858704,0.07392220199108124,0.08757704496383667,-0.07097689062356949,0.3379981219768524,1.5176680088043213,0.864746630191803,-0.40330126881599426,-0.39284512400627136,1.2697123289108276,1.164290428161621,0.762428879737854,-0.4167802631855011,0.7588115930557251,2.092829704284668,-1.3631972074508667,-0.09186114370822906,-0.44514021277427673,0.25381067395210266,0.09087639302015305,-0.7077158093452454,0.01982927694916725,-0.021304115653038025,0.9830769300460815,0.13377976417541504,0.038245782256126404,-0.24637462198734283,0.8586180210113525,0.35383743047714233,-0.1656050831079483,0.45056837797164917,0.6588420271873474,-0.08020774275064468,-0.3542148470878601,0.5167237520217896,0.22415103018283844,-0.5530215501785278,-0.3201366662979126,0.008779267780482769,-0.2630443572998047,0.6179583072662354,-0.4191488027572632,0.7196085453033447,-0.7189843654632568,-0.6987156867980957,0.2528758645057678,-0.34297460317611694,0.9894058108329773,-0.003536909818649292,0.05570511892437935,-0.8795821070671082,-0.6594295501708984,-0.801483154296875,0.4858063757419586,0.5080279111862183,-0.9773151278495789,0.06928227841854095,0.6819932460784912,-0.3011155128479004,-0.4078836441040039,-0.11489938199520111,0.20279979705810547,-0.26050376892089844,-0.4138764441013336,0.02473188005387783,-0.6090775728225708,-1.0345451831817627,-0.9020289182662964,0.21765296161174774,0.16850949823856354,0.4812192916870117,-0.24101537466049194,-0.5192965269088745,0.9409123659133911,-0.34940105676651,-0.35467177629470825,-0.16633926331996918,0.07441384345293045,-0.3928327262401581,-0.6395232081413269,0.13526500761508942,-0.38056397438049316,0.3856807351112366,-0.44225314259529114,0.26780474185943604,1.5578744411468506,-0.3473533093929291,-1.0711616277694702,-0.9901487827301025,0.45022791624069214,0.5045464634895325,-0.042792439460754395,-0.6574392914772034,0.1835874319076538,-0.30944645404815674,0.9210464358329773,-0.3620680570602417,-0.34936562180519104,0.24945305287837982,0.20475205779075623,0.44364556670188904,-0.24937120079994202,-0.11798759549856186,-2.1147689819335938,0.5686215758323669,-0.18351490795612335,0.2472013235092163,-0.0652306079864502,0.5071303248405457,0.5097143650054932,0.24787943065166473,0.36773166060447693,0.47222575545310974,1.783064603805542,0.734982967376709,-0.26086223125457764,0.1666150689125061,-0.3267096281051636,0.8204688429832458,1.1625992059707642,1.1701576709747314,-0.409024178981781,-0.4726746678352356,0.9675225019454956,0.2000686228275299,-0.5750316977500916,0.6795474290847778,0.5755232572555542,1.1576288938522339,-0.9810570478439331,-0.5639321804046631,0.35294052958488464,0.3099920451641083,0.33082249760627747,0.2627006769180298,-0.020035268738865852,-0.8039916753768921,0.46121659874916077,0.5043423175811768,-0.20571455359458923,0.05271159112453461,-0.25848573446273804,-0.9231567978858948,0.7591183185577393,-0.38004982471466064,0.48406726121902466,-0.00014440715312957764,-0.3756920099258423,-0.6690541505813599,-0.0201521348208189,-0.10398489236831665,-0.7163450717926025,-0.4211216866970062,0.3543666899204254,0.36029112339019775,-0.8317192792892456,-1.064634084701538,-0.5828116536140442,0.21739259362220764,0.25337034463882446,0.4429578185081482,-0.3587135076522827,0.7849221229553223,-0.582929253578186,0.16026301681995392,0.38089609146118164,-0.4772036373615265,0.03909444063901901,-0.374647319316864,-0.41466522216796875,0.32741934061050415,0.8882776498794556,1.026991367340088,0.2326110452413559,0.8790652751922607,0.6812056303024292,-0.11412770301103592,0.976919412612915,0.6078768968582153,-0.25487208366394043,0.9562174081802368,-0.4428691267967224,-1.0403215885162354,0.05212625116109848,-0.3203635513782501,0.5137600302696228,-0.0008638990111649036,-0.3168160915374756,2.2162728309631348,-1.3171664476394653,-0.48280271887779236,0.030891641974449158,-0.5860621929168701,0.15540766716003418,0.8458999395370483,0.10246220231056213,-0.07147260755300522,-0.5735564231872559,-1.0034725666046143,0.6312789916992188,-0.0347970686852932,-0.9033852815628052,0.11325883865356445,-0.42939645051956177,0.1079445481300354,0.5998889207839966,-0.7535163760185242,-0.18541395664215088,0.09739956259727478,-0.02029702067375183,-0.40110066533088684,0.15000322461128235,0.756968080997467,-0.21486493945121765,-0.15084245800971985,0.00764647638425231,-0.05043812841176987,1.1297111511230469,0.6915638446807861,-0.31537744402885437,-0.08006199449300766,0.29960551857948303,0.12767380475997925,-1.0711073875427246,0.17249609529972076,-0.9337375164031982,-0.49539294838905334,-0.9043646454811096,-0.7182990312576294,-0.28490620851516724,0.013530761003494263,-1.008856177330017,-0.2808142304420471,-0.8493591547012329,0.4619850516319275,0.19309285283088684,0.6501746773719788,0.7485579252243042,-0.7611829042434692,-0.1962333470582962,-1.1680917739868164,0.14574161171913147,0.2907547950744629,0.7512049674987793,0.5083175301551819,-1.6148450374603271,-1.1685528755187988,-0.502984344959259,0.6649758815765381,-0.9954817295074463,0.19295811653137207,-0.10128266364336014,-1.7679028511047363,-0.14917944371700287,-0.5866763591766357,-0.7546386122703552,0.16867956519126892,0.7650623321533203,-1.4025914669036865,0.746074914932251,-1.0127227306365967,-0.7387815713882446,0.8679476976394653,-1.3009881973266602,0.34028568863868713,0.07910697162151337,-0.11672643572092056,-1.3301254510879517,0.665803074836731,-0.13706055283546448,-0.15848438441753387,0.41834595799446106,-0.6450396776199341,-0.7257906198501587,0.48171937465667725,0.7804343700408936,1.4068546295166016,-0.31974107027053833,0.3438434600830078,1.663217306137085,0.8378125429153442,0.14123868942260742,0.07297584414482117,-0.44364646077156067,1.007777214050293,0.1575755774974823,-0.9451814889907837,-0.8674139976501465,-0.15182170271873474,-0.6970157623291016,1.3598419427871704,-0.7737098932266235,-0.44265758991241455,0.422238826751709,0.1496851146221161,-0.7510091066360474,0.02490885928273201,-0.6070600748062134,0.9971404075622559,-0.6741353273391724,-0.7732149362564087,-1.0158054828643799,-0.13005492091178894,0.41919809579849243,-0.5028132200241089,0.36129656434059143,-0.6118298768997192,-0.37874335050582886,-0.34929773211479187,0.06030139699578285,0.42650026082992554,0.8274309635162354,0.05514887720346451,1.198392391204834,0.7963597774505615,-0.21437431871891022,-0.9744260311126709,0.5926274061203003,0.31806680560112,-0.8947345018386841,1.074048638343811,0.7157162427902222,0.13771246373653412,0.44884467124938965,0.7184803485870361,0.34367984533309937,-0.33108824491500854,0.23729769885540009,0.2943565249443054,-0.45805737376213074,1.4063124656677246,-0.6691109538078308,-0.6471507549285889,-0.3348426818847656,0.4971449077129364,0.7976742386817932,0.4719463586807251,-0.8388762474060059,0.3206663429737091,-0.21687228977680206,-1.1292247772216797,0.13070806860923767,-1.1748355627059937,1.0330592393875122,0.4691753685474396,1.0388293266296387,0.26281747221946716,-0.31789806485176086,-0.36575162410736084,0.35125768184661865,0.6261096596717834,0.6245958805084229,0.6775066256523132,-0.3021238446235657,0.02058306150138378,-0.5882192254066467,0.5289111137390137,0.14535699784755707,-0.22700496017932892,-1.1174311637878418,-0.005346805788576603,-0.584338903427124,0.8961609601974487,-0.27049922943115234,0.340789794921875,-1.4658863544464111,0.9812159538269043,-0.06303465366363525,0.5547983646392822,-0.024035651236772537,0.5427660942077637,-0.7519626617431641,-0.7950582504272461,0.18925407528877258,-0.14464536309242249,1.3740742206573486,0.9076188802719116,0.7097818851470947,-0.7470805644989014,0.5140880346298218,0.6986152529716492,0.604013204574585,0.2622848451137543,-0.0646078810095787,-0.4776706099510193,0.3803301453590393,0.02930978126823902,0.9258620738983154,-0.029581692069768906,-0.007076272740960121,-0.5096461772918701,-2.014150619506836,-0.5535532832145691,0.09693419188261032,0.9006184339523315,0.038668014109134674,-0.2885972857475281,-0.7533913254737854,-0.6678912043571472,0.25446200370788574,1.105846643447876,-1.0206975936889648,0.3762444853782654,0.0666842833161354,0.04674353823065758,-0.5271962881088257,-1.5011675357818604,1.0892080068588257,-0.07848630100488663,0.05907053500413895,-0.3191300630569458,-0.003141939640045166,-0.5165079236030579,-0.24296125769615173,-0.41520532965660095,-0.09721310436725616,0.7164058685302734,0.1102541834115982,-0.12040138244628906,-0.41704875230789185,-0.01789408177137375,0.956329345703125,0.6520119905471802,0.1898631453514099,1.4556858539581299,0.6287627220153809,-0.6965845227241516,-0.25574737787246704,0.09153053909540176,-0.2410091906785965,0.08496171981096268,1.544696569442749,2.234158515930176,0.6110941171646118,1.0048604011535645,-0.2555815279483795,0.5712460279464722,-0.14233294129371643,-1.1559133529663086,-1.3326410055160522,-0.8165837526321411,-0.9819403886795044","  
• Weapons – Holland incorporated one 45cm reloadable torpedo tube with three well -tested 
Whitehead torpedoes carried on board. A 21.4cm pneumatic dynamite gun was added  at the 
bow, available through a muzzle door.  
 
About the same time as Holland was fine tuning his design, the French Admiralty was continuing its 
active submarine development , including  the Gustave Zédé  and Narval . The experimental Gustave Zédé  
was an electrically driven vessel launched on 1 June 1893 , commissioned on 1 May 1900. Unusual ly, its 
hull was made of bronze with 76 ribs, to resist corrosion and to allow magnetic compasses to operate 
better, and its fore and aft profiles were different . Range was 250 miles at 5½ knots surfaced and 121 
miles at 4½ knots submerged. Armament comprised 1x 36cm Flume torpedo and 2x torpedoes in a 
Drzewiecki drop collar which was an external torpedo launching system. In December 1898, the Gustave 
Zédé  success fully attacked the French training ship Magenta , once when stationary and after travelling 
40 miles, submerged with Magenta  on the move from a range of 250m,  considered a “first” . The Narval 
resulted from a competition set by the French Admiralty designed to overcome the disadvantages of 
slow surface speed and limited range, and also poor surface handling. Poor surface handling was 
addressed by a double hull, unlike that of the Holland designs, such that the pressure hull was optimised 
for pressure  resistance by being circular and the outer hull, referred as “light”, was more boat shaped, 
thus improving hydromechanics.  Eventually, Navies adopted the double hull.  
 
Holland designs were sold to America, France, Germany, Japan and Britain who built five  under licence 
at Barrow. Regarded as too small, a larger one was launched  in July 1902 , named HMS A-1, the story of 
which is on display here in the museum."
data/ThePragmaticProgrammer.pdf,5,"-0.3416047692298889,1.071109414100647,-4.0517578125,-1.1206176280975342,1.0040985345840454,0.6346771121025085,-0.3887177109718323,0.11082636564970016,0.1239071637392044,0.18840967118740082,-0.6625111699104309,-0.28411322832107544,1.9221304655075073,-0.16977889835834503,1.1074951887130737,-1.6318347454071045,-0.21178698539733887,-1.0255225896835327,0.1960742026567459,-0.12053374201059341,0.4628100097179413,-0.3008299767971039,-0.7526681423187256,0.9251261353492737,0.7687138319015503,0.509780764579773,-0.6935275197029114,-0.9109669923782349,-0.6203134059906006,0.007475093472748995,0.9196191430091858,-1.0353800058364868,-0.31736496090888977,-1.7580808401107788,-0.04230187460780144,-1.0254429578781128,-1.1622140407562256,0.6665827631950378,0.2593613266944885,0.4592437744140625,1.1505223512649536,-0.7989091873168945,-0.3207196891307831,-0.16841144859790802,1.6342694759368896,0.09405288845300674,0.8528136014938354,-0.9693509936332703,0.8266947269439697,-0.09826824814081192,1.9205068349838257,-0.08926105499267578,-0.5623121857643127,-1.7913525104522705,0.21773862838745117,0.30685555934906006,-0.47847282886505127,0.6345744729042053,0.5905632972717285,-0.11107601970434189,-0.17846529185771942,0.4737166166305542,-0.2981107831001282,1.4663312435150146,0.392309308052063,-0.3057114779949188,-0.6134098768234253,1.2985891103744507,1.0473289489746094,-0.07871055603027344,-0.18047039210796356,-0.709783136844635,0.6041859984397888,-0.8668010234832764,-0.3787190616130829,0.31870412826538086,-0.12651021778583527,0.040181662887334824,-0.7634274363517761,-0.20735561847686768,0.566578209400177,-0.4604085087776184,0.8520645499229431,0.0552348718047142,1.0942142009735107,0.33372366428375244,-0.08254319429397583,0.0948675125837326,-0.9275744557380676,1.020553708076477,0.19173403084278107,0.11934947222471237,0.4429148733615875,0.9209265112876892,-0.6368840932846069,0.8593406677246094,-0.08714629709720612,0.25485652685165405,0.28387656807899475,0.41983547806739807,0.33483704924583435,-0.7967272996902466,-0.40098392963409424,0.5661423802375793,1.1742693185806274,0.40588441491127014,0.8057294487953186,-0.1440887451171875,0.0977819636464119,-1.1106410026550293,-0.6877049207687378,-0.01796865463256836,-0.576125979423523,-1.0728564262390137,0.0986618623137474,-0.8036374449729919,0.5101425051689148,-1.057612657546997,0.3123585283756256,-0.054636258631944656,-0.3349511921405792,-0.5043430924415588,-0.6327406764030457,1.3732426166534424,0.3708156943321228,0.20960095524787903,-1.0184714794158936,0.5760956406593323,0.3536406457424164,-0.749436616897583,-0.29625216126441956,0.10958269238471985,-0.2882249355316162,-0.2775692641735077,0.5946432948112488,0.9269677996635437,-0.8802713751792908,-0.5211184620857239,0.895370364189148,0.43020182847976685,0.15564367175102234,-0.5131418704986572,0.33033934235572815,0.6978316903114319,0.14625871181488037,-0.4943133294582367,0.1535315215587616,-0.5710175037384033,-1.3644216060638428,0.5818802118301392,-0.43044427037239075,0.41579461097717285,-0.5293967723846436,1.2002203464508057,-0.24069973826408386,-0.8058461546897888,0.3502996265888214,-0.017517535015940666,0.37427762150764465,0.1391618549823761,1.0396056175231934,0.03257305547595024,-0.7713024020195007,0.9583196043968201,-0.39615291357040405,-0.08358416706323624,0.4042327404022217,0.18984217941761017,0.6964293718338013,0.5235459208488464,-1.0112628936767578,-0.7600958943367004,-0.2132454663515091,0.6416594982147217,0.7522382140159607,-0.7444056868553162,1.3406716585159302,-0.9047229886054993,-0.28651243448257446,-0.8844937682151794,-0.19606466591358185,-0.7051231265068054,0.12997236847877502,0.8809625506401062,-0.9684758186340332,0.46491289138793945,-0.2705013155937195,-0.270271897315979,-0.9597707986831665,-0.460080623626709,0.5367441773414612,0.9154937267303467,-0.5638455748558044,-1.1992141008377075,-0.4918226897716522,-0.24471621215343475,1.1263984441757202,0.34698185324668884,0.16349032521247864,0.022266361862421036,-0.4873987138271332,0.19416217505931854,-0.24834787845611572,-0.0812760666012764,-1.2774975299835205,0.9468172192573547,0.24454298615455627,0.6809635758399963,-0.10543769598007202,-0.33138716220855713,1.156254529953003,-0.2514505088329315,-0.4573764503002167,-0.12530925869941711,0.5590577125549316,-0.16000506281852722,-0.1816304475069046,0.19390304386615753,0.07491156458854675,-0.13343539834022522,0.5952774286270142,1.2911098003387451,0.3535543382167816,-0.1276000440120697,0.9305712580680847,0.3687700033187866,0.16761866211891174,-0.6406129002571106,-0.09459850937128067,-0.4565846920013428,0.24308547377586365,-1.4618526697158813,0.7251178622245789,0.0050969431176781654,-0.2316386103630066,0.6713201999664307,0.5168946385383606,0.2571493089199066,0.14612935483455658,0.6709463596343994,0.01934634894132614,0.7984301447868347,-0.6245855689048767,-0.936752438545227,-0.8775876760482788,0.16103804111480713,-0.43924394249916077,-0.25257787108421326,-0.746288001537323,0.37901511788368225,-0.22650128602981567,0.016105597838759422,0.7649970054626465,-0.19746381044387817,0.6232708096504211,-0.5723986625671387,-0.10197524726390839,-0.05119088292121887,-0.3762272000312805,-0.0407264307141304,0.5765822529792786,-0.32697927951812744,0.33143356442451477,-0.5565464496612549,-0.7292047739028931,-0.7509090900421143,-0.3180698752403259,-0.8944195508956909,1.0838385820388794,-0.6660193800926208,0.023998785763978958,0.035180944949388504,0.17369253933429718,0.2748192846775055,-0.41346219182014465,-0.21600550413131714,-0.30294251441955566,-0.21046996116638184,-0.25803810358047485,0.8569874167442322,-0.7528432607650757,-0.1780959963798523,-0.7200843095779419,-1.05868661403656,-0.0881345272064209,0.4818817675113678,0.43566080927848816,0.5447430610656738,1.0579872131347656,0.4439091682434082,-0.15376178920269012,-0.41300931572914124,-0.42641982436180115,-0.12899547815322876,0.8588064312934875,0.3197877109050751,1.267824649810791,-0.3882019519805908,0.17293278872966766,-1.6174302101135254,0.4689699411392212,0.5094224810600281,0.7361687421798706,0.9253586530685425,0.13564857840538025,-0.10151709616184235,-0.15040667355060577,-0.08350605517625809,-0.9083805084228516,-0.13202205300331116,-0.9022016525268555,-0.027505135163664818,0.039228979498147964,0.11302334815263748,-0.9048815965652466,0.4205818176269531,0.9745959043502808,0.3121541440486908,1.2991136312484741,0.3889460563659668,-0.08130199462175369,-0.004993937909603119,-0.4302748739719391,-0.8063576817512512,0.6074478030204773,0.7408303618431091,-0.29722315073013306,0.6574793457984924,0.6960985064506531,-0.5125350952148438,-0.17420026659965515,0.8397059440612793,0.5780372619628906,-0.3109293580055237,-0.5337334275245667,0.9897481203079224,1.1882233619689941,0.4604942500591278,-0.7941844463348389,1.1398680210113525,1.38917875289917,-1.0796780586242676,0.11548638343811035,-0.4395015835762024,-0.25694119930267334,0.03565376624464989,-0.810073733329773,-0.184365376830101,-0.10579247772693634,0.7458917498588562,0.3137188255786896,-0.03820567578077316,-0.33618584275245667,0.8426593542098999,0.6650325059890747,0.008252565748989582,0.2896835505962372,0.29613134264945984,0.12337017804384232,0.1315603107213974,0.671599805355072,-0.16629739105701447,-0.0979468896985054,-0.3597473204135895,0.4858104884624481,-0.7155895829200745,-0.582751452922821,0.39871177077293396,0.9025761485099792,-0.4917202293872833,-0.5949047803878784,0.45588308572769165,-0.4168853461742401,1.1055399179458618,-0.29989686608314514,0.20234088599681854,-0.9411355257034302,0.030109386891126633,-0.5040648579597473,0.6478559374809265,0.1971016824245453,-0.4889765977859497,-0.08200016617774963,0.21886387467384338,0.3629886507987976,-0.1867847740650177,-0.23815985023975372,-0.3053819537162781,-0.10349386185407639,-0.5150141716003418,0.018600763753056526,-0.6576306223869324,-0.5862569808959961,-0.24873143434524536,0.27916833758354187,0.26934340596199036,-0.24567396938800812,-0.4550155699253082,-0.07435330003499985,0.4096985161304474,-0.9818153381347656,-0.893036961555481,-0.47188475728034973,-0.07758186757564545,-0.2690136730670929,-0.5633882284164429,-0.4918293356895447,-0.5463614463806152,0.040344033390283585,0.0010711693903431296,0.05888025090098381,1.3788400888442993,-0.21158452332019806,-1.374981164932251,-0.5442894101142883,1.0396418571472168,0.8492827415466309,0.6937979459762573,-0.3194592595100403,0.13091598451137543,-0.20465710759162903,1.4734878540039062,0.36349400877952576,-0.44567447900772095,0.00997211318463087,0.15308649837970734,0.6306493878364563,0.6770628094673157,-0.19446724653244019,-1.9822744131088257,0.8008239269256592,-0.09877809882164001,0.04406695067882538,-0.07947667688131332,0.3625452518463135,0.4585456848144531,0.20599864423274994,-0.08974910527467728,0.40992316603660583,1.3528430461883545,0.7586021423339844,-0.3787838816642761,0.2065371423959732,0.21034744381904602,0.547488272190094,1.1643444299697876,1.2475186586380005,-0.4250902533531189,-0.2832372784614563,0.7883637547492981,-0.035420142114162445,-1.0742862224578857,0.6685684323310852,1.0116230249404907,0.954969048500061,-0.46579915285110474,-0.24169784784317017,0.3683547079563141,-0.027574127539992332,0.9634312987327576,0.5876065492630005,-0.08436977118253708,-0.9228319525718689,0.28851816058158875,-0.2021753042936325,-0.49146050214767456,-0.38246452808380127,-0.7165022492408752,-0.7208033204078674,0.21145139634609222,-0.20552170276641846,0.024377524852752686,-0.24137860536575317,-0.5310333371162415,-1.0309606790542603,0.13571196794509888,-0.2828986644744873,-0.5810105800628662,-0.3270646631717682,0.4972729980945587,0.4417920410633087,-0.6320558786392212,-1.0090234279632568,-0.8011042475700378,0.6063569784164429,0.23105621337890625,0.195193350315094,-0.7315607070922852,0.9542751908302307,-0.22652868926525116,-0.10328146815299988,-0.2145521491765976,-0.7557811737060547,0.3792704939842224,0.40428003668785095,-0.3369428217411041,-0.34169575572013855,0.902567982673645,1.3405542373657227,-0.05692552030086517,0.3454909920692444,0.914252758026123,-0.06234203651547432,0.665851891040802,0.32712942361831665,-0.14028793573379517,0.7120273113250732,-0.19820818305015564,-0.9940087795257568,0.5738593935966492,-0.5649361610412598,-0.2967939078807831,-0.4908900260925293,-0.45120590925216675,2.2846131324768066,-1.503287672996521,-0.12794329226016998,0.1441202014684677,-0.17797794938087463,0.29017892479896545,0.42530858516693115,0.11095250397920609,0.2875107228755951,-0.46662986278533936,-1.27814519405365,0.7514742612838745,-0.20996473729610443,-1.106602668762207,0.4994213283061981,-0.3221814036369324,0.06003553792834282,0.296757310628891,-0.6448768377304077,0.009882763959467411,-0.015029910951852798,-0.07734218239784241,-0.46958523988723755,0.21008944511413574,1.078279972076416,-0.3310180902481079,-0.37278828024864197,0.21804013848304749,0.2503599226474762,0.46500658988952637,-0.3988664746284485,0.05598580092191696,-0.7170222401618958,0.2521733045578003,0.20852285623550415,-0.9669893980026245,0.1758568286895752,-0.9988536834716797,-0.18876142799854279,-0.4274204671382904,-0.9109780788421631,-0.49387314915657043,-0.10253439843654633,-1.0509755611419678,0.006499950308352709,-0.3650047183036804,0.20549964904785156,0.11229350417852402,0.9355210661888123,1.0621505975723267,-0.6053498983383179,0.6990582942962646,-0.736910343170166,0.24530310928821564,0.5048019886016846,0.7113938331604004,0.49726492166519165,-1.5053819417953491,-0.4460299015045166,-0.7185838222503662,0.5088233947753906,-0.5351723432540894,0.24342380464076996,-0.2545093595981598,-1.5393803119659424,-0.37864449620246887,-0.2352517545223236,-0.8046459555625916,0.05805734917521477,0.4861592948436737,-1.1143931150436401,0.030172767117619514,-0.22066979110240936,-1.2090226411819458,1.0430737733840942,-0.2670450806617737,-0.05928490683436394,0.09813229739665985,-0.16536004841327667,-1.0130618810653687,-0.2074846476316452,0.39929622411727905,-0.758610188961029,0.1302669644355774,-0.5128946900367737,-0.5188164710998535,0.30026504397392273,0.08060615509748459,1.2227469682693481,-0.5144845843315125,0.14221924543380737,1.5172711610794067,1.0438112020492554,0.6380351185798645,-0.003641515038907528,0.15965640544891357,0.4086787700653076,0.6142497062683105,-1.4273552894592285,-1.415202260017395,-0.06329572200775146,-1.2151817083358765,1.2115893363952637,-0.7528099417686462,-0.4401814937591553,-0.1311313509941101,0.227463498711586,-0.7729277610778809,0.10746956616640091,-0.16429245471954346,1.1942139863967896,-0.15268978476524353,-1.1446186304092407,-0.8337670564651489,0.011925682425498962,0.6555407047271729,-0.711311936378479,-0.2937954068183899,-0.6192494034767151,0.048940833657979965,-0.4448601305484772,0.28484198451042175,0.11707409471273422,1.5082453489303589,0.06715985387563705,0.5903928875923157,0.0103751914575696,0.44431009888648987,-1.275634527206421,0.43915992975234985,0.43204107880592346,-0.6823522448539734,1.5739902257919312,0.8171206116676331,0.34647640585899353,0.5452523827552795,1.1605653762817383,0.8927482962608337,-0.2710104286670685,-0.12796860933303833,-0.11199987679719925,-0.2444329857826233,1.325539469718933,-0.6225152015686035,-0.48563072085380554,-0.28929054737091064,0.8099420666694641,0.10241672396659851,0.24365732073783875,-0.5887294411659241,0.20958691835403442,-0.6076800227165222,-1.0747063159942627,-0.030113104730844498,-0.7879497408866882,0.9771247506141663,1.1045445203781128,0.7361511588096619,-0.40525850653648376,-0.10655516386032104,-0.11691386997699738,0.7859670519828796,0.7724646329879761,0.13469189405441284,0.6598804593086243,-0.10637164860963821,0.3181549310684204,-0.8608420491218567,0.5707312226295471,0.11484632641077042,-0.34300556778907776,-0.8022773265838623,-0.2232845276594162,-0.07645247876644135,0.7996047139167786,-0.4937574565410614,0.23161587119102478,-1.4215086698532104,0.8225425481796265,-0.5602847933769226,-0.03392160311341286,-0.023173701018095016,0.6389876008033752,-0.2256392389535904,-0.6489736437797546,-0.13268688321113586,-0.2775624990463257,1.3098374605178833,0.8661348819732666,0.1247449442744255,-1.131693720817566,0.26807644963264465,0.37804290652275085,0.4813656210899353,0.4260154962539673,0.34108805656433105,0.15911857783794403,0.38164880871772766,0.21592412889003754,1.1433078050613403,0.24417851865291595,-0.008492029272019863,-0.43514516949653625,-1.4763083457946777,-0.3706420958042145,-0.15931645035743713,0.8779085874557495,0.08630240708589554,-0.5691857933998108,-0.5732810497283936,-0.15283040702342987,0.255472868680954,1.1625968217849731,-1.2009025812149048,-0.194870725274086,-0.2488463670015335,0.37309181690216064,-0.21714164316654205,-1.4003520011901855,0.8709709048271179,0.05016104131937027,-0.31514453887939453,-0.3000028133392334,-0.002845133189111948,-0.616792619228363,-0.47707948088645935,-0.8001523613929749,0.2639685273170471,0.7980032563209534,0.12785829603672028,-0.24210692942142487,-0.11414547264575958,-0.28265368938446045,0.9117084741592407,-0.08057352155447006,0.4209110736846924,1.372141718864441,0.6333571076393127,-0.38540807366371155,0.0052561466582119465,0.47609496116638184,0.09767898917198181,-0.030455023050308228,1.3131163120269775,1.6293972730636597,0.3626311719417572,0.39394113421440125,-0.03180202469229698,0.7042713761329651,-0.22532342374324799,-0.6944433450698853,-1.032010793685913,-0.7427422404289246,-0.5529618859291077"," The Narval 
resulted from a competition set by the French Admiralty designed to overcome the disadvantages of 
slow surface speed and limited range, and also poor surface handling. Poor surface handling was 
addressed by a double hull, unlike that of the Holland designs, such that the pressure hull was optimised 
for pressure  resistance by being circular and the outer hull, referred as “light”, was more boat shaped, 
thus improving hydromechanics.  Eventually, Navies adopted the double hull.  
 
Holland designs were sold to America, France, Germany, Japan and Britain who built five  under licence 
at Barrow. Regarded as too small, a larger one was launched  in July 1902 , named HMS A-1, the story of 
which is on display here in the museum. The A-1 has the unenviable distinction of being a peacetime 
loss off the Isle of Wight with the first loss of British submariners when struck by SS Berwick Castle ."
data/ThePragmaticProgrammer.pdf,6,"0.41209280490875244,0.6355994343757629,-3.475066661834717,-0.6634575128555298,1.0483295917510986,1.222618818283081,-0.6016452312469482,0.4007003605365753,0.41174986958503723,-0.2807154655456543,-0.7321192622184753,-0.015755046159029007,1.6704235076904297,0.4081173539161682,1.062192440032959,-1.4489176273345947,-0.25961682200431824,-1.0033342838287354,-0.8197943568229675,-0.4518737196922302,0.5435234308242798,-0.7498603463172913,-0.4027552008628845,0.6878702640533447,0.306319922208786,1.3840696811676025,-0.8303831815719604,-1.6247632503509521,-0.6463713645935059,-0.4815250635147095,0.6984858512878418,-1.0749824047088623,0.35869720578193665,-0.36997702717781067,-0.06832272559404373,-1.6784214973449707,-0.7922487258911133,0.5196563005447388,0.36069008708000183,-0.42203229665756226,0.8914374113082886,-0.1010892391204834,-0.6944313049316406,-0.6529186367988586,1.2698405981063843,-0.02305534854531288,0.7362538576126099,-0.6227061152458191,1.0886313915252686,-0.5288316607475281,1.2409024238586426,-0.23885461688041687,-0.4590839743614197,-0.8339966535568237,0.3770132064819336,-0.049243614077568054,-1.1561899185180664,-0.44253993034362793,0.6814473867416382,-0.177383691072464,-0.2192976325750351,0.7014282941818237,-0.5912883281707764,0.47550737857818604,0.6434124708175659,0.41215232014656067,-0.884499192237854,1.137892723083496,0.4753372073173523,-0.1911831498146057,0.005076095461845398,-0.9964626431465149,-0.2947905361652374,-0.7109051942825317,-0.5780966281890869,1.0078939199447632,-0.5663873553276062,-0.036895498633384705,-0.29314181208610535,-0.24503391981124878,0.5089284777641296,-0.5829510688781738,1.484198808670044,-0.22226935625076294,0.6379315853118896,0.047722943127155304,-0.5387194156646729,0.374439001083374,-0.35405635833740234,1.1764156818389893,-0.39297211170196533,0.2932579219341278,0.32717862725257874,1.2348036766052246,-0.4139089584350586,0.3728318512439728,-0.09802085161209106,0.2530229091644287,-0.4572950601577759,0.38530802726745605,-0.22506949305534363,-0.5325491428375244,0.3181755542755127,0.2508053779602051,1.1051554679870605,0.8352367877960205,1.3318722248077393,-0.1980251669883728,0.3580091893672943,-0.5446068048477173,-0.35433429479599,-0.29896751046180725,-0.7506126165390015,-0.24882802367210388,-0.0038023442029953003,-0.27142074704170227,-0.2686839699745178,-0.6433667540550232,-0.16018995642662048,0.12847894430160522,-0.9954240322113037,-0.18045417964458466,-0.34119078516960144,0.5545387864112854,0.5071588754653931,0.3999553322792053,-0.93846195936203,0.3172837495803833,0.22810649871826172,-0.19877614080905914,-0.0427795946598053,0.18630823493003845,-0.7817894220352173,-0.01676054671406746,0.598463773727417,1.2862226963043213,-0.6421392560005188,-1.0258899927139282,0.6197903156280518,0.026474278420209885,-0.03570454195141792,-0.2732572555541992,0.12544488906860352,0.5435432195663452,-0.030641306191682816,-0.8707004189491272,0.29737716913223267,-0.5516151785850525,-1.5872962474822998,0.4220083951950073,-0.515192985534668,0.4813053011894226,-0.039750657975673676,1.486114740371704,-0.5157333016395569,-1.0107074975967407,0.3312130570411682,0.08782453089952469,0.6526119112968445,0.2768319845199585,0.5764695405960083,-0.1094481348991394,-0.6706841588020325,1.1710445880889893,-0.22562211751937866,-0.02004726231098175,0.8248612880706787,0.31399059295654297,0.8484742641448975,-0.1499323695898056,-0.8835686445236206,-0.5344982147216797,0.26069194078445435,0.7928047776222229,0.6766024231910706,-0.9800184369087219,1.6457034349441528,-0.9939557313919067,-0.1407908797264099,-0.35424184799194336,-0.4504843056201935,-0.3532140254974365,0.35754257440567017,0.22267484664916992,-0.6295899152755737,0.42075252532958984,-0.4808838665485382,-0.8002623319625854,-0.4006372094154358,0.02689838409423828,-0.12132316827774048,0.7010174989700317,-0.6784813404083252,-0.5272404551506042,-0.5464590191841125,-0.2791197896003723,1.5052495002746582,0.2625395953655243,0.3218076229095459,-0.05099106207489967,-0.2927488684654236,0.32524198293685913,-0.6590571403503418,-0.6947762966156006,-0.2500264644622803,0.3578141927719116,-0.20257428288459778,0.6582408547401428,0.3969142735004425,-0.6225230693817139,1.5102548599243164,0.11950991302728653,-0.7115113139152527,-0.633191704750061,0.42061612010002136,-0.17600160837173462,-0.5024805068969727,0.3232377767562866,0.06263579428195953,0.008478188887238503,0.3529612123966217,0.8881240487098694,-0.025874540209770203,-0.4697011709213257,0.7510477900505066,0.5686993598937988,-0.058352988213300705,-0.17479164898395538,-0.47062039375305176,-0.20756739377975464,-0.10066671669483185,-1.4207453727722168,1.1711719036102295,-0.5406614542007446,-0.8850279450416565,0.5306646823883057,0.06199546158313751,0.29005080461502075,0.7587558627128601,0.8698269128799438,-0.045414142310619354,-0.06144016981124878,-0.5836584568023682,-0.6219154000282288,-1.0229506492614746,0.007110476493835449,-0.4814273416996002,-0.08858087658882141,-0.32162579894065857,0.9091867208480835,-0.38027387857437134,0.26508909463882446,0.9819567799568176,0.6062278151512146,1.0354547500610352,-0.6968101263046265,-0.46516793966293335,0.26637834310531616,-0.28829634189605713,0.5404977798461914,0.8578318357467651,-0.5512808561325073,0.7260330319404602,-0.8737326860427856,-1.1122548580169678,-1.0357047319412231,-0.4693082869052887,-0.3353610634803772,0.8964511752128601,-1.1871205568313599,-0.20735856890678406,-0.22799716889858246,0.338062584400177,0.7460502982139587,-0.982070803642273,0.21263110637664795,-0.31995847821235657,-0.5377445816993713,0.037327442318201065,0.476073682308197,-0.6507958769798279,-0.12744322419166565,-0.8564809560775757,-0.25187596678733826,-0.2532029449939728,-0.03658796474337578,0.46443888545036316,0.30574333667755127,1.2118027210235596,-0.0354260616004467,-0.015280095860362053,-0.10208448767662048,0.15975919365882874,-0.06263630837202072,0.8902791142463684,0.2773246169090271,0.9529024362564087,-1.400914192199707,-0.4623093903064728,-1.1173045635223389,0.7536970376968384,0.46886250376701355,0.9102537631988525,0.45052391290664673,-0.3522210717201233,-0.4234468340873718,-0.4009241461753845,-0.01997237466275692,-1.2122489213943481,0.008239611983299255,-0.8680652379989624,0.05864109843969345,-0.2189246118068695,0.19135770201683044,-1.143715500831604,0.5206217765808105,1.348153829574585,0.2936011552810669,1.0785939693450928,-0.39851292967796326,-0.23980949819087982,0.3389853239059448,0.6332575082778931,-1.553483247756958,1.0217386484146118,0.871547520160675,0.005421344190835953,0.06636269390583038,-0.8503053188323975,-0.38220691680908203,-0.11869847774505615,0.08242687582969666,0.751670241355896,0.014626480638980865,-1.173756718635559,0.9506182074546814,1.3154981136322021,0.9325726628303528,-0.43916216492652893,0.21457287669181824,2.178194522857666,-1.4268004894256592,0.6407665610313416,0.031011220067739487,0.046555694192647934,-0.03624120354652405,-0.6228688955307007,0.36903059482574463,0.013443877920508385,1.181471586227417,0.08258315920829773,0.6311312913894653,-0.7861037254333496,0.7526916265487671,0.8043736219406128,-0.21290045976638794,0.41881728172302246,0.7742977142333984,-0.3997156322002411,-0.1874387264251709,0.057269830256700516,-0.18304526805877686,0.21280092000961304,-0.11871886253356934,-0.13486772775650024,-0.08828297257423401,-0.5727999210357666,-0.02897743508219719,-0.1859913170337677,-0.008450452238321304,-0.9895757436752319,0.2021700143814087,-0.38838136196136475,0.6729559302330017,-0.42835181951522827,-0.5485703945159912,-0.5711055397987366,-0.07081910222768784,-0.7141785621643066,-0.051019687205553055,0.21898196637630463,-0.4142116904258728,-0.01548060029745102,0.03789455071091652,0.5038056969642639,-0.7594964504241943,0.3200228810310364,0.04004940390586853,-0.5895211100578308,0.10203303396701813,-0.13560256361961365,-0.6844912767410278,-0.7822860479354858,0.04347888007760048,0.09112496674060822,-0.18020951747894287,-0.3717925548553467,0.22964024543762207,-0.2737015187740326,0.34008336067199707,-0.8250576257705688,-0.8393141031265259,0.23686009645462036,0.21684975922107697,-0.47003909945487976,0.2011936902999878,-0.13715431094169617,-0.49416840076446533,-0.2037358283996582,-0.35516977310180664,0.9804971218109131,0.8223607540130615,-0.6277483701705933,-0.6431481838226318,-0.6144813895225525,0.1382758915424347,0.4094608426094055,0.33263394236564636,-0.18078696727752686,0.8522465229034424,0.5486115217208862,0.9135978817939758,-0.07198001444339752,-0.5369409322738647,0.2644456923007965,0.01911494880914688,0.1873319000005722,0.1657043993473053,-0.04599415510892868,-1.7309260368347168,1.0027291774749756,-0.20723450183868408,0.2641295790672302,-0.1824457347393036,0.6535735130310059,0.2380983829498291,0.2398458570241928,0.23948542773723602,-0.5367648601531982,1.3157894611358643,1.01487135887146,-0.2681662440299988,-0.10254336893558502,0.2614043354988098,0.7862738370895386,0.7974693775177002,0.24104806780815125,0.14054027199745178,0.13811837136745453,0.6709032654762268,0.18027514219284058,-0.29768359661102295,1.0619590282440186,0.3306269645690918,0.5021345615386963,-0.7463041543960571,-0.11585170775651932,0.4196934700012207,0.09017789363861084,1.316631555557251,0.6883584260940552,0.4068172872066498,-0.715903103351593,0.5892326235771179,-0.20986774563789368,-0.30303817987442017,0.6098637580871582,-0.25233370065689087,-0.6421798467636108,1.0456809997558594,-0.35727494955062866,0.3277456760406494,0.046703606843948364,-0.42677658796310425,-0.054100122302770615,0.09287384152412415,-0.6776816248893738,-0.926809549331665,-0.14835618436336517,0.4178992211818695,0.37169358134269714,-0.5576502680778503,-0.730074942111969,-0.651058554649353,0.1169528216123581,0.8584045171737671,0.6759213209152222,-0.2199920117855072,0.4779641628265381,-0.13755671679973602,0.02137714810669422,-0.049175720661878586,0.06752195209264755,0.24289584159851074,-0.757400393486023,-0.16627472639083862,0.2119033932685852,0.7266672849655151,0.5018503069877625,-0.293222576379776,0.9555538892745972,0.47344839572906494,-0.11675769835710526,0.4067077934741974,0.4041680693626404,0.05656228959560394,0.7735427618026733,0.255710631608963,-1.359123945236206,0.12382809817790985,-0.4460311532020569,-0.32981055974960327,0.25850293040275574,-0.18541672825813293,2.3053598403930664,-1.1303752660751343,-0.6746566295623779,0.0651886910200119,-0.8249288201332092,0.21646109223365784,0.8741229772567749,0.07724013924598694,0.2314891666173935,-0.5210129618644714,-1.7319631576538086,0.1340937316417694,0.045507825911045074,-1.1162612438201904,0.9887486696243286,-0.5904739499092102,0.7236751914024353,-0.10627971589565277,-0.037011414766311646,-0.09026492387056351,0.8941720128059387,0.17023137211799622,-1.0002408027648926,-0.17566363513469696,0.9267303943634033,0.7237623929977417,0.010809926316142082,0.6093911528587341,-0.4999903440475464,0.7341993451118469,0.2775997519493103,0.08448466658592224,-0.7097260355949402,0.4066062569618225,-0.36256343126296997,-0.7594538927078247,0.1875079870223999,-0.8341418504714966,-0.15416449308395386,-0.7045499086380005,-0.5293164849281311,0.12623058259487152,0.09983954578638077,-1.1503324508666992,0.24842368066310883,-0.4398183524608612,-0.21163488924503326,0.2912822961807251,0.5206561088562012,0.3386353850364685,-0.6827698349952698,-0.42509713768959045,-0.7231335043907166,-0.5219607949256897,0.5247060060501099,0.9613053798675537,0.23548707365989685,-0.8356276750564575,-0.6235349178314209,-0.2206307351589203,0.060161493718624115,-0.9539584517478943,0.15267221629619598,0.7891169786453247,-0.659333348274231,-0.35730433464050293,-0.06506601721048355,-0.8679734468460083,-0.04259788990020752,0.3732146918773651,-0.8912193179130554,-0.3514019846916199,-0.24599751830101013,-0.5311777591705322,0.8680217266082764,-0.8706878423690796,0.4141833186149597,-0.001438003033399582,0.07036520540714264,-0.8353497385978699,0.575141429901123,-0.4519062638282776,0.8112261891365051,0.004108883440494537,-1.0348165035247803,-0.5145012736320496,0.8488703966140747,0.9219189286231995,0.9343063831329346,-0.3530575633049011,0.5314880609512329,1.2174651622772217,1.4536523818969727,0.514175534248352,0.1815866082906723,-0.12196347117424011,0.11663662642240524,0.5420466661453247,-1.2998639345169067,-0.6088634729385376,-0.22188973426818848,-1.139693021774292,1.7714977264404297,-0.03264499455690384,-0.44173142313957214,0.174686461687088,0.7830119132995605,-0.3597505986690521,0.8620688915252686,0.19209596514701843,1.1818510293960571,-0.39066827297210693,-0.7333753108978271,-0.793662965297699,-0.3767152428627014,0.49062028527259827,-0.4793108403682709,0.09621159732341766,0.0438142791390419,-0.683458149433136,-0.5705597400665283,0.18803727626800537,0.13008633255958557,1.0757293701171875,-0.24201172590255737,0.5666967630386353,0.7522693872451782,-0.5274261832237244,-0.5828059315681458,0.5444335341453552,-0.26538532972335815,-0.7681589722633362,1.534562587738037,1.1250269412994385,0.19875375926494598,-0.1263478398323059,1.118037223815918,0.776010274887085,-0.03748229891061783,-0.3917301297187805,-0.10264069586992264,-0.15336358547210693,1.0143541097640991,-0.9262834787368774,-0.600223183631897,-0.18544186651706696,1.0949411392211914,0.7993730902671814,0.0929475873708725,-0.5941122770309448,-0.24430246651172638,-0.22674882411956787,-0.6296374797821045,-0.4754209816455841,-0.4786233603954315,0.8196837902069092,0.40868866443634033,0.3808639645576477,0.1273615062236786,-0.5374432802200317,-0.2792719006538391,0.6930708289146423,0.908260703086853,0.6256244778633118,0.9641889333724976,0.5403518080711365,-0.18474361300468445,-0.510549783706665,-0.25454196333885193,0.04651021957397461,-0.6831715703010559,-0.5577086806297302,-0.2105323076248169,-0.3298332691192627,-0.2517516314983368,0.05861954391002655,-0.6617831587791443,-1.1032910346984863,0.47201478481292725,-0.1621551513671875,0.30061641335487366,-0.16692325472831726,0.3277227580547333,-0.6120529174804688,0.13586047291755676,-0.557503342628479,-0.4021640419960022,0.9628371000289917,0.7205314040184021,0.9895825386047363,-1.2727431058883667,0.17354223132133484,0.399209201335907,0.10979438573122025,0.49161094427108765,-0.0721985399723053,0.2271302044391632,0.2746809124946594,-0.22569432854652405,0.2937893867492676,0.31144630908966064,0.04663199931383133,-0.966954231262207,-1.6101739406585693,-0.27370110154151917,-0.3490738570690155,0.5907946825027466,-0.22799502313137054,-0.3362916111946106,-0.23359832167625427,-0.006245627999305725,0.4521968364715576,1.3879354000091553,-1.5254096984863281,-0.03795700520277023,0.04885759577155113,-0.03730422630906105,-0.4472958445549011,-0.9219989776611328,0.567111074924469,0.14265301823616028,-0.3252643048763275,-0.5436867475509644,0.2832750082015991,-0.6788929104804993,-0.7273398637771606,0.1337258368730545,0.467265784740448,0.1939447522163391,0.7118443250656128,0.0333709679543972,-0.4928051233291626,0.21102046966552734,0.22713236510753632,0.24821734428405762,0.4524345397949219,0.8519173860549927,0.8546538352966309,-0.3496584892272949,0.24536392092704773,0.3131394386291504,0.09186236560344696,0.635342538356781,0.8969401717185974,1.7631072998046875,-0.031447894871234894,0.34505006670951843,-0.040568284690380096,0.5800256729125977,0.015170179307460785,-0.666492760181427,-1.5577495098114014,-0.7869082093238831,-0.8483646512031555","7 
 Originally  dismissive of the submarine as a weapon,  the Admiralty  between the A-1 and the First World 
War, continuously developed the submarine through several distinct Classes  with specific characteristics  
including twin screw, minimum speed of 14knots, and good accommodation . Probably one of the most 
important wartime lessons was the  realisation that the ability to dive rapidly was essential, not 
considered previously as a priority. The Americans learnt that a conning tower with much improved 
protection against the North Atlantic weather was essential.  
 
Germany built a formidable arr ay of 375 submarines which nearly “sunk” Britain  during the First World 
War . 37 German commanders  each  sunk more than 100,000 tons, totalling 2,685 ships and 5,927,395 
tons. Contrast that with their  34 Second World War counterparts also sinking over 100,000 tons, sinking 
873 ships at 4,826,177 tons. German submarines  included coastal , ocean -going vessels, and mine laying 
vessels. Typical First World War examples  were SM UB-81 and SM U-90, both also displayed with their 
histories here in the museum.  
 
Following the war, The Potsdam Agreement prescribed that 30 of the 156 surrendered German 
submarines be allocated to the Allies  for re search and peaceful purposes , the remainder being sunk in 
water exceeding 100m depth. The Allies embraced  arms control including submarines through the  
Washington Treaty  of 1923  between the British Empire, France, Italy, Japan and America  and the 1930 
London Treaty, whereby limitations were placed on most naval vessels.  
 
The Admiralty continued submarine development within the above constraints with nearly 30 Classes of 
submarines initiated before the end o f the Second World War, many of these Classes overlapping 
beyond 1946. HMS Swordfish (N61)  was launched on 10 November 1931 and was lost with all crew off 
the Isle of Wight, as described in the history displayed in the museum.  
 
The Germans were able to retain their expertise post war by building submarines for export ."
data/ThePragmaticProgrammer.pdf,6,"0.5908545851707458,0.674894392490387,-3.5306992530822754,-0.8004376888275146,0.7051421403884888,1.0557596683502197,-0.9617054462432861,0.4581611156463623,0.3500966727733612,-0.544979989528656,-1.17985200881958,0.1358151137828827,1.6172022819519043,0.1399552971124649,1.328974962234497,-1.618202805519104,0.06477264314889908,-0.7579786777496338,-1.2248965501785278,-0.1263379007577896,0.5592633485794067,-0.7824698090553284,-0.5153030157089233,0.8592361807823181,0.6662420630455017,1.5704747438430786,-0.18998263776302338,-1.3205806016921997,-0.45018088817596436,-0.5986226797103882,0.8569844961166382,-1.1283811330795288,0.6392858028411865,-0.6120861172676086,0.3173937499523163,-2.1527047157287598,-0.5234473943710327,0.4333547353744507,0.6119520664215088,-0.541650116443634,0.8513196110725403,0.61857008934021,-0.9283190369606018,-0.675360918045044,1.0301237106323242,-0.38216400146484375,0.886737585067749,-0.6401752233505249,1.1413851976394653,-0.7053250074386597,1.3424513339996338,-0.058470796793699265,-0.668987512588501,-1.0673304796218872,0.5097399353981018,-0.10693365335464478,-0.6880016326904297,-0.7356691956520081,0.6281088590621948,-0.006065682508051395,0.18060514330863953,1.1309115886688232,-0.47812867164611816,0.3623584508895874,1.0929774045944214,0.15478776395320892,-0.8477341532707214,1.0842490196228027,0.597017228603363,-0.22683721780776978,0.028477510437369347,-0.8192325234413147,-0.27140453457832336,-0.7188850045204163,-0.5551654100418091,0.7183904647827148,-0.3123737871646881,-0.062474362552165985,-0.6912198662757874,-0.38265883922576904,0.41462135314941406,-0.8160628080368042,1.2281407117843628,-0.07079418748617172,0.9918062686920166,0.3145727217197418,-0.2460511475801468,0.5677248239517212,-0.41400882601737976,1.180113434791565,-0.16361451148986816,0.3554321825504303,0.6623955368995667,1.0602649450302124,-0.3269755244255066,0.5195412635803223,0.26927244663238525,0.3195649981498718,-0.6867597699165344,0.4874604046344757,-0.24644945561885834,-0.5939557552337646,0.3936556279659271,-0.09705895185470581,1.4785244464874268,1.2509478330612183,1.2259913682937622,-0.07764541357755661,0.307525098323822,-0.5187126994132996,-0.7548665404319763,-0.1894810050725937,-0.874966561794281,0.1627139300107956,0.15458323061466217,-0.7298829555511475,-0.3830501139163971,-0.9948348999023438,0.02709922380745411,0.26044195890426636,-0.6302471160888672,-0.04938804730772972,-0.41790372133255005,0.301751047372818,0.5043697357177734,0.6541706919670105,-0.8403704762458801,0.0314958393573761,0.24551086127758026,-0.3014935255050659,-0.0007246301393024623,0.2895491123199463,-0.6494535803794861,0.28675127029418945,0.38201263546943665,1.3793281316757202,-0.5979514122009277,-1.190545678138733,0.6846269369125366,-0.050795018672943115,-0.15960147976875305,-0.36127936840057373,0.17753006517887115,0.43687349557876587,-0.03916242718696594,-0.5484375953674316,0.5776607990264893,-0.8672782778739929,-1.543906331062317,0.13992564380168915,-0.6490759253501892,0.38215959072113037,0.19493824243545532,1.4321104288101196,-0.29377397894859314,-1.3138644695281982,-0.2124166488647461,-0.19594906270503998,0.37945130467414856,0.6529198288917542,0.5727513432502747,0.05895578861236572,-0.18480585515499115,1.116256833076477,-0.03617105633020401,0.07293650507926941,0.9784775972366333,0.2582044303417206,0.5400007963180542,-0.2550552487373352,-0.7752259969711304,-0.8932693600654602,0.3122459948062897,0.8176353573799133,1.0154836177825928,-0.7343689203262329,1.4364395141601562,-0.9568975567817688,0.0015423999866470695,-0.2837843596935272,-0.2864610254764557,-0.32110610604286194,0.5703860521316528,0.12381437420845032,-0.614839494228363,0.2913486361503601,-0.23221716284751892,-0.8338835835456848,-0.6048128604888916,0.08698295056819916,-0.26763075590133667,1.1755112409591675,-0.7883747220039368,-0.4730292856693268,-0.6728087067604065,0.05777512118220329,1.362467646598816,0.2515380084514618,0.14937371015548706,-0.18020038306713104,-0.3719993233680725,0.4406404495239258,-0.9888738989830017,-0.6012858152389526,-0.27314937114715576,0.4607863128185272,-0.31137603521347046,0.7377299666404724,0.25667238235473633,-0.3860302269458771,1.193495512008667,0.177077054977417,-0.6359817385673523,-0.25284624099731445,0.3057444989681244,-0.01710546389222145,-0.24829839169979095,0.17168883979320526,0.15236535668373108,0.050328776240348816,0.34347447752952576,1.0710304975509644,-0.21151816844940186,0.07563608884811401,0.9282021522521973,0.5776661038398743,-0.2096409797668457,0.028987498953938484,-0.5607674717903137,-0.20845483243465424,0.08556719124317169,-1.476511001586914,1.0988738536834717,-0.611143171787262,-0.7864218950271606,0.8077734708786011,-0.05361674726009369,0.6115939617156982,0.6035587191581726,0.5596702694892883,-0.3726096451282501,-0.04110470786690712,-0.2788983881473541,-0.5629044771194458,-1.2491064071655273,0.06727587431669235,-0.47590401768684387,0.03481464833021164,-0.31143128871917725,0.9108315110206604,-0.23452530801296234,0.2429829090833664,1.2269519567489624,0.8935093879699707,1.0506700277328491,-0.6996067762374878,-0.7251912951469421,0.4447568655014038,-0.4853224456310272,0.21645326912403107,0.597859263420105,-0.8066375255584717,0.72693932056427,-0.9412170052528381,-0.705307126045227,-1.0138468742370605,-0.24526917934417725,-0.24473229050636292,0.9300068020820618,-1.2919740676879883,-0.27948904037475586,-0.044460225850343704,0.00858568586409092,1.1358591318130493,-0.6419296264648438,0.08088631182909012,-0.09968090802431107,-0.849364697933197,0.264192134141922,0.36856237053871155,-0.64042067527771,-0.08123933523893356,-1.065517783164978,-0.31893670558929443,-0.5598659515380859,-0.036444924771785736,0.27379482984542847,0.35026565194129944,0.8840761780738831,0.044271793216466904,0.014234297908842564,-0.08040903508663177,0.04642072692513466,-0.22190400958061218,0.6958099603652954,0.6673344373703003,1.2626261711120605,-1.5410608053207397,-0.6507222056388855,-1.0045888423919678,0.9728080034255981,0.2685382068157196,1.0758812427520752,0.4003126919269562,-0.2658948004245758,-0.4385841190814972,-0.37576591968536377,-0.09021890163421631,-1.0467503070831299,0.5748423933982849,-0.8960325717926025,0.11785475164651871,-0.009840676560997963,-0.06253686547279358,-1.6894631385803223,0.3643537759780884,1.2531253099441528,0.21145841479301453,1.2574751377105713,-0.3314060568809509,0.0036149462684988976,0.5266482830047607,0.9451825022697449,-1.3742246627807617,0.7626814842224121,0.6644379496574402,0.2697136402130127,-0.23015451431274414,-0.9427961707115173,-0.3556288778781891,-0.2772969603538513,0.15281008183956146,1.2175118923187256,0.017630549147725105,-0.672692596912384,0.7845070958137512,0.9777472615242004,0.7315245270729065,-0.6029828786849976,0.6811453104019165,2.350205898284912,-1.525464653968811,0.8099929690361023,-0.22407156229019165,-0.0282919779419899,0.20313014090061188,-0.9034054279327393,0.1455107182264328,0.07950016856193542,1.0033258199691772,-0.19659847021102905,0.5360348224639893,-0.8311256170272827,0.3555285930633545,1.0046305656433105,0.34036189317703247,0.2363945096731186,0.6925109624862671,-0.2933211922645569,-0.24625296890735626,0.18396757543087006,-0.6217159628868103,0.2779842019081116,-0.13732397556304932,0.058697834610939026,-0.19656240940093994,0.20830844342708588,-0.33280694484710693,-0.12729774415493011,-0.0967569351196289,-0.7800870537757874,0.22316405177116394,-0.41832849383354187,0.8318706750869751,-0.5000682473182678,-0.29612648487091064,-0.48806583881378174,-0.10704488307237625,-0.6369902491569519,-0.20773574709892273,0.22076725959777832,-0.47590577602386475,-0.34036076068878174,-0.1125791147351265,0.5137477517127991,-0.5216077566146851,0.15319617092609406,0.07266761362552643,-0.863584041595459,0.006812626495957375,-0.25388723611831665,-1.030104398727417,-0.93436598777771,-0.4361893832683563,0.24740542471408844,-0.6122260093688965,-0.08644551783800125,0.1328701227903366,-0.17910796403884888,0.4702478051185608,-0.7122848629951477,-0.7675819396972656,0.18840302526950836,0.1262204796075821,-0.28786274790763855,0.09608320146799088,-0.26829734444618225,-0.4327865540981293,0.06994245946407318,0.0957469567656517,0.8776942491531372,0.8135592937469482,-0.5041762590408325,-0.78147292137146,-0.5005960464477539,-0.24539780616760254,0.5490454435348511,0.30195996165275574,-0.32364776730537415,0.8398572206497192,0.3779267966747284,0.7748826742172241,0.17793701589107513,0.007047042716294527,0.2763158977031708,0.13753296434879303,-0.061799220740795135,0.27333128452301025,0.19900278747081757,-1.9123661518096924,0.9658345580101013,-0.23793669044971466,0.5607958436012268,-0.045095011591911316,0.4897157549858093,0.02594330906867981,-0.10371163487434387,0.0574784018099308,-0.8780690431594849,1.112244725227356,1.08553946018219,-0.4216303825378418,-0.020113196223974228,0.4882616698741913,0.6645260453224182,1.046008586883545,0.43714696168899536,-0.15561312437057495,0.17173099517822266,0.4675208330154419,0.17892813682556152,-0.23524482548236847,0.9601898193359375,0.3407820463180542,0.689818263053894,-0.8175269365310669,-0.24452057480812073,0.724500298500061,-0.1292901337146759,1.1915587186813354,0.6283359527587891,0.3475038707256317,-0.7244551181793213,0.5155536532402039,-0.03937622532248497,-0.6075448989868164,0.6367899179458618,-0.3715198338031769,-0.8496372103691101,1.5341176986694336,0.027188118547201157,0.33442962169647217,0.27377694845199585,-0.27003446221351624,-0.23233285546302795,-0.34086254239082336,-0.7454534769058228,-1.1305748224258423,0.29025810956954956,0.29991385340690613,0.3497451841831207,-0.5839852690696716,-0.8131185173988342,-0.6532472968101501,0.057979848235845566,0.7916644811630249,0.9007928371429443,-0.03775540739297867,0.3711422085762024,-0.011137162335216999,-0.05038619413971901,-0.13370507955551147,-0.11807379126548767,0.5735002160072327,-0.5244734287261963,-0.3156588673591614,-0.2765752971172333,0.40447017550468445,0.7719529271125793,-0.13344447314739227,1.3105976581573486,0.8757131099700928,-0.011234268546104431,0.6254514455795288,0.40482550859451294,-0.05842055752873421,0.9231500029563904,-0.015542295761406422,-1.1670358180999756,0.17774969339370728,-0.301434725522995,-0.3616568148136139,0.006586176343262196,-0.27058446407318115,1.9803926944732666,-0.9062307476997375,-0.8524830341339111,0.17299875617027283,-0.72453373670578,0.538992166519165,0.8306612968444824,-0.062444787472486496,0.0595875047147274,-0.39762812852859497,-1.8205269575119019,0.11569727957248688,0.013666047714650631,-0.7064006924629211,0.9871110320091248,-0.8188567161560059,0.780967652797699,0.39295607805252075,0.024132853373885155,-0.18216760456562042,0.9820676445960999,-0.13102611899375916,-1.009534478187561,-0.01771773397922516,1.0178478956222534,0.785551905632019,0.010448726825416088,0.5528198480606079,-0.2983859181404114,0.9246692657470703,0.15330828726291656,0.3319507837295532,-0.7193759083747864,0.4129919111728668,-0.4257795214653015,-1.093537449836731,0.08876495063304901,-0.9886280298233032,-0.29430466890335083,-0.6010938882827759,-0.528145968914032,-0.2412785142660141,0.28763070702552795,-1.0131102800369263,0.27570757269859314,-0.24799621105194092,0.06225350871682167,0.2728942632675171,0.7151012420654297,0.277188241481781,-0.63237065076828,-0.6195109486579895,-0.646195113658905,-0.3341914117336273,0.47000595927238464,1.2090407609939575,0.3365234434604645,-0.6938509345054626,-0.8349067568778992,-0.19074665009975433,-0.0712970495223999,-0.9760395884513855,0.47049376368522644,0.8437416553497314,-0.9326654076576233,-0.42657312750816345,-0.35488003492355347,-0.6514399647712708,-0.2852402925491333,0.10047230124473572,-1.100895881652832,-0.0674067959189415,-0.035486992448568344,-0.658004879951477,1.1539949178695679,-0.8423041701316833,0.05454239249229431,-0.08879770338535309,-0.2860034108161926,-0.7579925656318665,0.41962531208992004,-0.16590526700019836,0.6174455881118774,0.18625755608081818,-1.1443079710006714,-0.29997488856315613,0.5500831604003906,0.7847856879234314,1.1868197917938232,-0.27467241883277893,0.597456693649292,0.8874537348747253,1.001894235610962,0.43299514055252075,0.2250276505947113,-0.39673927426338196,0.3906695246696472,0.4276018440723419,-1.2261189222335815,-0.4849328100681305,-0.005333818029612303,-1.1344913244247437,1.7284408807754517,-0.09970899671316147,-0.8942948579788208,0.5280268788337708,0.8770754337310791,-0.8097723722457886,0.3876907229423523,0.3755677044391632,1.0965282917022705,-0.372949481010437,-0.9497292041778564,-0.9372973442077637,0.020157814025878906,0.8934091329574585,-0.5652167797088623,0.3072841465473175,-0.006104541476815939,-0.7509503364562988,-0.3847963809967041,0.5124334692955017,0.20666804909706116,0.941133975982666,-0.22079575061798096,-0.044233083724975586,0.901179850101471,-0.32796671986579895,-0.6893755197525024,0.30752164125442505,-0.29301074147224426,-0.08975407481193542,1.435513973236084,0.9503335952758789,-0.09878963977098465,-0.3901783525943756,0.9709663391113281,1.2099729776382446,-0.29750362038612366,-0.250839501619339,-0.16329960525035858,0.027730556204915047,1.023301362991333,-1.071519374847412,-1.0610722303390503,-0.4843668043613434,1.0993638038635254,0.8058285117149353,-0.29862678050994873,-0.5364872217178345,-0.12751071155071259,-0.21075694262981415,-0.5951222777366638,-0.6018052697181702,-0.6416895389556885,0.8306222558021545,0.4234727621078491,0.7671054601669312,-0.3275531232357025,-0.46118420362472534,-0.26688939332962036,0.7243515253067017,1.2148808240890503,0.5733286142349243,0.7114315032958984,0.3538062870502472,-0.10622311383485794,-0.5023132562637329,-0.4646531641483307,0.05547577142715454,-0.8353593349456787,-0.41829952597618103,0.19030062854290009,-0.6226495504379272,-0.3658004403114319,0.5124045014381409,-0.9670202732086182,-1.0620567798614502,0.5812059640884399,-0.16538327932357788,0.20652469992637634,-0.49777865409851074,-0.11688119173049927,-0.4154471755027771,-0.08287577331066132,-0.31202858686447144,-0.5134095549583435,0.7634643316268921,0.7065053582191467,0.7410445213317871,-1.0175901651382446,0.2904680669307709,0.19440096616744995,-0.09122656285762787,0.6768356561660767,-0.06623224169015884,-0.05289025232195854,0.1610388308763504,-0.03208719938993454,0.41278883814811707,0.10895887017250061,0.10830413550138474,-1.0956692695617676,-1.6163368225097656,-0.204692542552948,-0.9564866423606873,0.7587544322013855,-0.4003251791000366,-0.6447297930717468,-0.2939138412475586,-0.11595530062913895,0.35731053352355957,0.7191121578216553,-1.3290148973464966,0.0021186277735978365,0.08901011198759079,0.005069721024483442,-0.5913017392158508,-1.1683084964752197,0.5978116393089294,0.6777621507644653,-0.0915251299738884,-0.4013056457042694,0.07794570922851562,-0.4212351441383362,-0.8694515824317932,0.29275232553482056,0.15282204747200012,-0.058772649616003036,0.4400217831134796,0.08298975974321365,-0.5215941667556763,0.2048071324825287,0.2531256675720215,0.2669914662837982,0.46213629841804504,0.7296899557113647,1.0588425397872925,-0.7232246398925781,0.2885933518409729,0.5917927026748657,0.010682808235287666,0.6163371801376343,0.8537196516990662,1.9687522649765015,-0.09262141585350037,0.5553010106086731,0.0580349899828434,0.5706619024276733,0.21963942050933838,-0.8051495552062988,-1.7287229299545288,-0.8868724703788757,-0.7193682193756104","  
 
Following the war, The Potsdam Agreement prescribed that 30 of the 156 surrendered German 
submarines be allocated to the Allies  for re search and peaceful purposes , the remainder being sunk in 
water exceeding 100m depth. The Allies embraced  arms control including submarines through the  
Washington Treaty  of 1923  between the British Empire, France, Italy, Japan and America  and the 1930 
London Treaty, whereby limitations were placed on most naval vessels.  
 
The Admiralty continued submarine development within the above constraints with nearly 30 Classes of 
submarines initiated before the end o f the Second World War, many of these Classes overlapping 
beyond 1946. HMS Swordfish (N61)  was launched on 10 November 1931 and was lost with all crew off 
the Isle of Wight, as described in the history displayed in the museum.  
 
The Germans were able to retain their expertise post war by building submarines for export . However, 
despite constraints , they had by the end of the Second World War commissioned 1,156 submarines ; 770 
approximately were  lost and 156 surrendered . Again, many were disposed of when the war ended. U-
1195  was sunk off the Isle of Wight the same day as it sunk SS Cuba , and its history is also displayed in 
the museum.  
 
America also developed their submarines, but these were typically considerably larger than their 
European counterparts, with much increased range as they operated primarily in the Pacific  in the 
Second World War with considerable success against the Japane se Navy. A memento of USS Sea Owl 
(SS-405)  is displayed in the museum , as is its history.  
 
Early experimentation of submersible “craft” prior to circa 1900 progressively led to feared weapons of 
war, demonstrated by the naval warfare of both First and Second World Wars."
